date,interactions,link_clicks,reach,views,visits,follows
01/01/2023,1,1,1,1,1,1
01/01/2023,1,1,1,1,1,1
01/01/2023,1,1,1,1,1,1
01/01/2023,1,1,1,1,1,1
01/01/2023,1,1,1,1,1,1
01/01/2023,1,1,1,1,1,1
01/01/2024,1,1,1,1,1,1
01/01/2024,1,1,1,1,1,1
01/01/2024,49,1,1,1,1,1
01/01/2024,1,1,1,1,363,1
01/01/2024,1,1,1,1,1,1
01/01/2024,1,1,4025,1,1,1
01/01/2025,1,1,1,978,1,1
01/01/2025,1,1,1,1,1,1
01/01/2025,1,1,565,1,1,1
01/01/2025,1,1,1,1,1,1
01/01/2025,11,1,1,1,1,1
01/01/2025,1,1,1,1,106,1
01/02/2023,1,1,1,1,1,1
01/02/2023,1,1,1,1,1,1
01/02/2023,1,1,1,1,1,1
01/02/2023,1,1,1,1,1,1
01/02/2023,1,1,1,1,1,1
01/02/2023,1,1,1,1,1,1
01/02/2024,1,1,1,1,1,1
01/02/2024,31,1,1,1,1,1
01/02/2024,1,1,1,1,1,1
01/02/2024,1,1,1,1,92,1
01/02/2024,1,1,1,1,1,1
01/02/2024,1,1,2316,1,1,1
01/02/2025,1,1,1,1,1,1
01/02/2025,1,1,1,1,1,1
01/02/2025,1,1,197,1,1,1
01/02/2025,1,1,1,1,95,1
01/02/2025,1,1,1,1,1,1
01/02/2025,1,1,1,304,1,1
01/03/2023,1,1,1,1,1,1
01/03/2023,1,1,1,1,1,1
01/03/2023,1,1,1,1,1,1
01/03/2023,1,1,1,1,1,1
01/03/2023,1,1,1,1,1,1
01/03/2023,1,1,1,1,1,1
01/03/2024,1,1,613,1,1,1
01/03/2024,1,1,1,1,1,1
01/03/2024,7,1,1,1,1,1
01/03/2024,1,1,1,1,64,1
01/03/2024,1,1,1,1,1,1
01/03/2024,1,1,1,1,1,1
01/03/2025,1,1,184,1,1,1
01/03/2025,1,1,1,1,51,1
01/03/2025,1,1,1,1491,1,1
01/03/2025,5,1,1,1,1,1
01/03/2025,1,1,1,1,1,1
01/03/2025,1,1,1,1,1,1
01/04/2023,1,1,1,1,97,1
01/04/2023,5,1,1,1,1,1
01/04/2023,1,1,1,1,1,1
01/04/2023,1,1,1,1,1,1
01/04/2023,1,1,1,1,1,1
01/04/2023,1,1,333,1,1,1
01/04/2024,1,1,1,1,1,1
01/04/2024,1,1,1,1,1,1
01/04/2024,1,1,385,1,1,1
01/04/2024,1,1,1,1,103,1
01/04/2024,1,1,1,1,1,1
01/04/2024,1,1,1,1,1,1
01/05/2023,1,1,1,1,1,1
01/05/2023,1,1,258,1,1,1
01/05/2023,1,1,1,1,1,1
01/05/2023,1,1,1,1,1,1
01/05/2023,1,1,1,1,1,1
01/05/2023,1,1,1,1,112,1
01/05/2024,1,1,1,1,1,1
01/05/2024,1,1,1870,1,1,1
01/05/2024,1,1,1,1,261,1
01/05/2024,1,1,1,1,1,1
01/05/2024,1,1,1,1,1,1
01/05/2024,74,1,1,1,1,1
01/06/2023,1,1,1,1,1,1
01/06/2023,1,1,1,1,1,1
01/06/2023,1,1,1,1,1,1
01/06/2023,1,1,380,1,1,1
01/06/2023,28,1,1,1,1,1
01/06/2023,1,1,1,1,64,1
01/06/2024,1,1,1,1,1,1
01/06/2024,4,1,1,1,1,1
01/06/2024,1,1,1,1,1,1
01/06/2024,1,1,301,1,1,1
01/06/2024,1,1,1,1,1,1
01/06/2024,1,1,1,1,106,1
01/07/2023,1,1,1,1,1,1
01/07/2023,1,1,1,1,1097,1
01/07/2023,39,1,1,1,1,1
01/07/2023,1,1,6858,1,1,1
01/07/2023,1,1,1,1,1,1
01/07/2023,1,1,1,1,1,1
01/07/2024,1,1,1,1,1,1
01/07/2024,1,1,1,1,367,1
01/07/2024,1,1,1,1,1,1
01/07/2024,1,1,2261,1,1,1
01/07/2024,1,1,1,1,1,1
01/07/2024,92,1,1,1,1,1
01/08/2023,66,1,1,1,1,1
01/08/2023,1,1,2363,1,1,1
01/08/2023,1,1,1,1,1,1
01/08/2023,1,1,1,1,1,1
01/08/2023,1,1,1,1,1,1
01/08/2023,1,1,1,1,656,1
01/08/2024,1,1,1,1,463,1
01/08/2024,85,1,1,1,1,1
01/08/2024,1,1,1,1,1,1
01/08/2024,1,1,1,1,1,1
01/08/2024,1,1,1,1,1,1
01/08/2024,1,1,2057,1,1,1
01/09/2023,1,1,1,1,1,1
01/09/2023,1,1,1,1,1143,1
01/09/2023,1,1,1,1,1,1
01/09/2023,1,1,1,1,1,1
01/09/2023,1,1,12346,1,1,1
01/09/2023,323,1,1,1,1,1
01/09/2024,1,1,1,1,1,1
01/09/2024,1,1,1,1,1,1
01/09/2024,1,1,1,1,1,1
01/09/2024,1,1,1,1,1,1
01/09/2024,1,1,617,1,1,1
01/09/2024,1,1,1,1,218,1
01/10/2023,1,1,1,1,1,1
01/10/2023,1,1,1,1,1,1
01/10/2023,1,1,440,1,1,1
01/10/2023,1,1,1,1,1,1
01/10/2023,1,1,1,1,75,1
01/10/2023,3,1,1,1,1,1
01/10/2024,1,1,1,1,1,1
01/10/2024,1,1,1,1,1,1
01/10/2024,1,1,601,1,1,1
01/10/2024,1,1,1,1,67,1
01/10/2024,1,1,1,1,1,1
01/10/2024,1,1,1,352,1,1
01/11/2023,1,1,1,1,1,1
01/11/2023,1,1,1,1,1,1
01/11/2023,1,1,1318,1,1,1
01/11/2023,1,1,1,1,1,1
01/11/2023,1,1,1,1,1,1
01/11/2023,1,1,1,1,58,1
01/11/2024,1,1,1,1,247,1
01/11/2024,1,1,1,1,1,1
01/11/2024,1,1,1,1,1,1
01/11/2024,1,1,1,39294,1,1
01/11/2024,1,1,1,1,1,1
01/11/2024,1,1,1357,1,1,1
01/12/2023,1,1,1,1,1,1
01/12/2023,1,1,1,1,72,1
01/12/2023,1,1,643,1,1,1
01/12/2023,13,1,1,1,1,1
01/12/2023,1,1,1,1,1,1
01/12/2023,1,1,1,1,1,1
01/12/2024,1,1,1,1,1,1
01/12/2024,1,1,310,1,1,1
01/12/2024,1,1,1,72198,1,1
01/12/2024,1,1,1,1,1,1
01/12/2024,2,1,1,1,1,1
01/12/2024,1,1,1,1,88,1
02/01/2023,1,1,1,1,1,1
02/01/2023,1,1,1,1,1,1
02/01/2023,1,1,1,1,1,1
02/01/2023,1,1,1,1,1,1
02/01/2023,1,1,1,1,1,1
02/01/2023,1,1,1,1,1,1
02/01/2024,1,1,1,1,1,1
02/01/2024,1,1,1,1,215,1
02/01/2024,1,1,1,1,1,1
02/01/2024,1,1,1483,1,1,1
02/01/2024,1,1,1,1,1,1
02/01/2024,38,1,1,1,1,1
02/01/2025,1,1,1,1,1,1
02/01/2025,1,1,1,1,1,1
02/01/2025,1,1,857,1,1,1
02/01/2025,26,1,1,1,1,1
02/01/2025,1,1,1,1,176,1
02/01/2025,1,1,1,1137,1,1
02/02/2023,1,1,1,1,1,1
02/02/2023,1,1,1,1,1,1
02/02/2023,1,1,1,1,1,1
02/02/2023,1,1,1,1,1,1
02/02/2023,1,1,1,1,1,1
02/02/2023,1,1,1,1,1,1
02/02/2024,1,1,1,1,1,1
02/02/2024,1,1,1,1,1,1
02/02/2024,24,1,1,1,1,1
02/02/2024,1,1,2542,1,1,1
02/02/2024,1,1,1,1,136,1
02/02/2024,1,1,1,1,1,1
02/02/2025,1,1,1,1,77,1
02/02/2025,1,1,1,228,1,1
02/02/2025,1,1,1,1,1,1
02/02/2025,1,1,161,1,1,1
02/02/2025,1,1,1,1,1,1
02/02/2025,1,1,1,1,1,1
02/03/2023,1,1,1,1,1,1
02/03/2023,1,1,1,1,1,1
02/03/2023,1,1,1,1,1,1
02/03/2023,1,1,1,1,1,1
02/03/2023,1,1,1,1,1,1
02/03/2023,1,1,1,1,1,1
02/03/2024,9,1,1,1,1,1
02/03/2024,1,1,706,1,1,1
02/03/2024,1,1,1,1,1,1
02/03/2024,1,1,1,1,1,1
02/03/2024,1,1,1,1,55,1
02/03/2024,1,1,1,1,1,1
02/03/2025,1,1,1,468,1,1
02/03/2025,1,1,1,1,1,1
02/03/2025,2,1,1,1,1,1
02/03/2025,1,1,1,1,63,1
02/03/2025,1,1,122,1,1,1
02/03/2025,1,1,1,1,1,1
02/04/2022,1,1,1,1,1,1
02/04/2022,1,1,1,1,1,1
02/04/2022,1,1,1,1,1,1
02/04/2022,1,1,1,1,1,1
02/04/2022,1,1,1,1,1,1
02/04/2022,1,1,1,1,1,1
02/04/2023,1,1,1,1,1,1
02/04/2023,1,1,1,1,1,1
02/04/2023,1,1,1,1,1,1
02/04/2023,1,1,286,1,1,1
02/04/2023,1,1,1,1,150,1
02/04/2023,1,1,1,1,1,1
02/04/2024,1,1,1,1,1,1
02/04/2024,1,1,1,1,85,1
02/04/2024,1,1,1,1,1,1
02/04/2024,1,1,1,1,1,1
02/04/2024,1,1,1,1,1,1
02/04/2024,1,1,601,1,1,1
02/05/2022,1,1,1,1,1,1
02/05/2022,1,1,1,1,1,1
02/05/2022,1,1,1,1,1,1
02/05/2022,1,1,1,1,1,1
02/05/2022,1,1,1,1,1,1
02/05/2022,1,1,1,1,1,1
02/05/2023,1,1,1,1,155,1
02/05/2023,37,1,1,1,1,1
02/05/2023,1,1,1,1,1,1
02/05/2023,1,1,1,1,1,1
02/05/2023,1,1,494,1,1,1
02/05/2023,1,1,1,1,1,1
02/05/2024,1,1,1,1,1,1
02/05/2024,1,1,1,1,1,1
02/05/2024,1,1,1,1,1,1
02/05/2024,1,1,2144,1,1,1
02/05/2024,1,1,1,1,145,1
02/05/2024,12,1,1,1,1,1
02/06/2022,1,1,1,1,1,1
02/06/2022,1,1,1,1,1,1
02/06/2022,1,1,1,1,1,1
02/06/2022,1,1,1,1,1,1
02/06/2022,1,1,1,1,1,1
02/06/2022,1,1,1,1,1,1
02/06/2023,1,1,1,1,111,1
02/06/2023,38,1,1,1,1,1
02/06/2023,1,1,1,1,1,1
02/06/2023,1,1,1,1,1,1
02/06/2023,1,1,1,1,1,1
02/06/2023,1,1,415,1,1,1
02/06/2024,1,1,1,1,1,1
02/06/2024,1,1,1,1,1,1
02/06/2024,1,1,203,1,1,1
02/06/2024,1,1,1,1,1,1
02/06/2024,1,1,1,1,1,1
02/06/2024,1,1,1,1,37,1
02/07/2022,1,1,1,1,1,1
02/07/2022,1,1,1,1,1,1
02/07/2022,1,1,1,1,1,1
02/07/2022,1,1,1,1,1,1
02/07/2022,1,1,1,1,1,1
02/07/2022,1,1,1,1,1,1
02/07/2023,1,1,8864,1,1,1
02/07/2023,1,1,1,1,1,1
02/07/2023,21,1,1,1,1,1
02/07/2023,1,1,1,1,670,1
02/07/2023,1,1,1,1,1,1
02/07/2023,1,1,1,1,1,1
02/07/2024,1,1,1,1,1,1
02/07/2024,1,1,1154,1,1,1
02/07/2024,1,1,1,1,1,1
02/07/2024,44,1,1,1,1,1
02/07/2024,1,1,1,1,192,1
02/07/2024,1,1,1,1,1,1
02/08/2022,1,1,1,1,1,1
02/08/2022,1,1,1,1,1,1
02/08/2022,1,1,1,1,1,1
02/08/2022,1,1,1,1,1,1
02/08/2022,1,1,1,1,1,1
02/08/2022,1,1,1,1,1,1
02/08/2023,1,1,1,1,628,1
02/08/2023,1,1,1,1,1,1
02/08/2023,1,1,1,1,1,1
02/08/2023,1,1,1695,1,1,1
02/08/2023,85,1,1,1,1,1
02/08/2023,1,1,1,1,1,1
02/08/2024,1,1,1,1,319,1
02/08/2024,1,1,1,1,1,1
02/08/2024,1,1,1,1,1,1
02/08/2024,72,1,1,1,1,1
02/08/2024,1,1,1,1,1,1
02/08/2024,1,1,2110,1,1,1
02/09/2022,1,1,1,1,1,1
02/09/2022,1,1,1,1,1,1
02/09/2022,1,1,1,1,1,1
02/09/2022,1,1,1,1,1,1
02/09/2022,1,1,1,1,1,1
02/09/2022,1,1,1,1,1,1
02/09/2023,1,1,1,1,1,1
02/09/2023,1,1,10935,1,1,1
02/09/2023,209,1,1,1,1,1
02/09/2023,1,1,1,1,911,1
02/09/2023,1,1,1,1,1,1
02/09/2023,1,1,1,1,1,1
02/09/2024,1,1,1,1,1,1
02/09/2024,1,1,556,1,1,1
02/09/2024,1,1,1,1,1,1
02/09/2024,1,1,1,1,1,1
02/09/2024,1,1,1,1,170,1
02/09/2024,2,1,1,1,1,1
02/10/2022,1,1,1,1,1,1
02/10/2022,1,1,1,1,1,1
02/10/2022,1,1,1,1,1,1
02/10/2022,1,1,1,1,1,1
02/10/2022,1,1,1,1,1,1
02/10/2022,1,1,1,1,1,1
02/10/2023,1,1,1,1,1,1
02/10/2023,1,1,1,1,71,1
02/10/2023,35,1,1,1,1,1
02/10/2023,1,1,662,1,1,1
02/10/2023,1,1,1,1,1,1
02/10/2023,1,1,1,1,1,1
02/10/2024,1,1,1,1,1,1
02/10/2024,1,1,1,325,1,1
02/10/2024,1,1,1,1,1,1
02/10/2024,1,1,1,1,1,1
02/10/2024,1,1,1,1,101,1
02/10/2024,1,1,560,1,1,1
02/11/2022,1,1,1,1,1,1
02/11/2022,1,1,1,1,1,1
02/11/2022,1,1,1,1,1,1
02/11/2022,1,1,1,1,1,1
02/11/2022,1,1,1,1,1,1
02/11/2022,1,1,1,1,1,1
02/11/2023,1,1,1,1,73,1
02/11/2023,22,1,1,1,1,1
02/11/2023,1,1,1,1,1,1
02/11/2023,1,1,1,1,1,1
02/11/2023,1,1,1808,1,1,1
02/11/2023,1,1,1,1,1,1
02/11/2024,1,1,1,1,1,1
02/11/2024,1,1,1,1,1,1
02/11/2024,1,1,1,1,103,1
02/11/2024,1,1,1,1,1,1
02/11/2024,1,1,635,1,1,1
02/11/2024,1,1,1,82873,1,1
02/12/2022,1,1,1,1,1,1
02/12/2022,1,1,1,1,1,1
02/12/2022,1,1,1,1,1,1
02/12/2022,1,1,1,1,1,1
02/12/2022,1,1,1,1,1,1
02/12/2022,1,1,1,1,1,1
02/12/2023,1,1,1,1,1,1
02/12/2023,1,1,1,1,63,1
02/12/2023,1,1,527,1,1,1
02/12/2023,1,1,1,1,1,1
02/12/2023,33,1,1,1,1,1
02/12/2023,1,1,1,1,1,1
02/12/2024,1,1,1,1,139,1
02/12/2024,1,1,1,1,1,1
02/12/2024,1,1,581,1,1,1
02/12/2024,1,1,1,83010,1,1
02/12/2024,42,1,1,1,1,1
02/12/2024,1,1,1,1,1,1
03/01/2023,1,1,1,1,1,1
03/01/2023,1,1,1,1,1,1
03/01/2023,1,1,1,1,1,1
03/01/2023,1,1,1,1,1,1
03/01/2023,1,1,1,1,1,1
03/01/2023,1,1,1,1,1,1
03/01/2024,1,1,1,1,150,1
03/01/2024,1,1,1,1,1,1
03/01/2024,1,1,1,1,1,1
03/01/2024,1,1,1510,1,1,1
03/01/2024,1,1,1,1,1,1
03/01/2024,49,1,1,1,1,1
03/01/2025,1,1,1,1042,1,1
03/01/2025,13,1,1,1,1,1
03/01/2025,1,1,1,1,1,1
03/01/2025,1,1,1,1,161,1
03/01/2025,1,1,575,1,1,1
03/01/2025,1,1,1,1,1,1
03/02/2023,1,1,1,1,1,1
03/02/2023,1,1,1,1,1,1
03/02/2023,1,1,1,1,1,1
03/02/2023,1,1,1,1,1,1
03/02/2023,1,1,1,1,1,1
03/02/2023,1,1,1,1,1,1
03/02/2024,1,1,1,1,1,1
03/02/2024,1,1,1756,1,1,1
03/02/2024,10,1,1,1,1,1
03/02/2024,1,1,1,1,111,1
03/02/2024,1,1,1,1,1,1
03/02/2024,1,1,1,1,1,1
03/02/2025,1,1,1,1,64,1
03/02/2025,1,1,498,1,1,1
03/02/2025,21,1,1,1,1,1
03/02/2025,1,1,1,1076,1,1
03/02/2025,1,1,1,1,1,1
03/02/2025,1,1,1,1,1,1
03/03/2022,1,1,1,1,1,1
03/03/2022,1,1,1,1,1,1
03/03/2022,1,1,1,1,1,1
03/03/2022,1,1,1,1,1,1
03/03/2022,1,1,1,1,1,1
03/03/2022,1,1,1,1,1,1
03/03/2023,1,1,1,1,1,1
03/03/2023,1,1,1,1,1,1
03/03/2023,1,1,1,1,1,1
03/03/2023,1,1,1,1,1,1
03/03/2023,1,1,1,1,1,1
03/03/2023,1,1,1,1,1,1
03/03/2024,1,1,1,1,58,1
03/03/2024,1,1,1,1,1,1
03/03/2024,1,1,1,1,1,1
03/03/2024,1,1,1,1,1,1
03/03/2024,1,1,1,1,1,1
03/03/2024,1,1,322,1,1,1
03/03/2025,1,1,1,485,1,1
03/03/2025,8,1,1,1,1,1
03/03/2025,1,1,242,1,1,1
03/03/2025,1,1,1,1,1,1
03/03/2025,1,1,1,1,46,1
03/03/2025,1,1,1,1,1,1
03/04/2022,1,1,1,1,1,1
03/04/2022,1,1,1,1,1,1
03/04/2022,1,1,1,1,1,1
03/04/2022,1,1,1,1,1,1
03/04/2022,1,1,1,1,1,1
03/04/2022,1,1,1,1,1,1
03/04/2023,1,1,1,1,1,1
03/04/2023,1,1,1,1,155,1
03/04/2023,1,1,378,1,1,1
03/04/2023,23,1,1,1,1,1
03/04/2023,1,1,1,1,1,1
03/04/2023,1,1,1,1,1,1
03/04/2024,1,1,1,1,1,1
03/04/2024,1,1,1,1,142,1
03/04/2024,1,1,620,1,1,1
03/04/2024,2,1,1,1,1,1
03/04/2024,1,1,1,1,1,1
03/04/2024,1,1,1,1,1,1
03/05/2022,1,1,1,1,1,1
03/05/2022,1,1,1,1,1,1
03/05/2022,1,1,1,1,1,1
03/05/2022,1,1,1,1,1,1
03/05/2022,1,1,1,1,1,1
03/05/2022,1,1,1,1,1,1
03/05/2023,1,1,1,1,1,1
03/05/2023,1,1,494,1,1,1
03/05/2023,63,1,1,1,1,1
03/05/2023,1,1,1,1,1,1
03/05/2023,1,1,1,1,1,1
03/05/2023,1,1,1,1,168,1
03/05/2024,1,1,710,1,1,1
03/05/2024,1,1,1,1,1,1
03/05/2024,1,1,1,1,121,1
03/05/2024,1,1,1,1,1,1
03/05/2024,1,1,1,1,1,1
03/05/2024,1,1,1,1,1,1
03/06/2022,1,1,1,1,1,1
03/06/2022,1,1,1,1,1,1
03/06/2022,1,1,1,1,1,1
03/06/2022,1,1,1,1,1,1
03/06/2022,1,1,1,1,1,1
03/06/2022,1,1,1,1,1,1
03/06/2023,1,1,1,1,1,1
03/06/2023,1,1,1,1,1,1
03/06/2023,1,1,1,1,160,1
03/06/2023,1,1,1,1,1,1
03/06/2023,1,1,540,1,1,1
03/06/2023,20,1,1,1,1,1
03/06/2024,1,1,1,1,1,1
03/06/2024,1,1,1,1,1,1
03/06/2024,1,1,1,1,96,1
03/06/2024,1,1,219,1,1,1
03/06/2024,1,1,1,1,1,1
03/06/2024,1,1,1,1,1,1
03/07/2022,1,1,1,1,1,1
03/07/2022,1,1,1,1,1,1
03/07/2022,1,1,1,1,1,1
03/07/2022,1,1,1,1,1,1
03/07/2022,1,1,1,1,1,1
03/07/2022,1,1,1,1,1,1
03/07/2023,1,1,1,1,1026,1
03/07/2023,1,1,1,1,1,1
03/07/2023,1,1,1,1,1,1
03/07/2023,1,1,10535,1,1,1
03/07/2023,352,1,1,1,1,1
03/07/2023,1,1,1,1,1,1
03/07/2024,1,1,1920,1,1,1
03/07/2024,1,1,1,1,1,1
03/07/2024,1,1,1,1,314,1
03/07/2024,1,1,1,1,1,1
03/07/2024,52,1,1,1,1,1
03/07/2024,1,1,1,1,1,1
03/08/2022,1,1,1,1,1,1
03/08/2022,1,1,1,1,1,1
03/08/2022,1,1,1,1,1,1
03/08/2022,1,1,1,1,1,1
03/08/2022,1,1,1,1,1,1
03/08/2022,1,1,1,1,1,1
03/08/2023,112,1,1,1,1,1
03/08/2023,1,1,1,1,1,1
03/08/2023,1,1,6289,1,1,1
03/08/2023,1,1,1,1,1,1
03/08/2023,1,1,1,1,751,1
03/08/2023,1,1,1,1,1,1
03/08/2024,1,1,1,1,1,1
03/08/2024,1,1,1,1,620,1
03/08/2024,1,1,1,1,1,1
03/08/2024,1,1,4460,1,1,1
03/08/2024,1,1,1,1,1,1
03/08/2024,171,1,1,1,1,1
03/09/2022,1,1,1,1,1,1
03/09/2022,1,1,1,1,1,1
03/09/2022,1,1,1,1,1,1
03/09/2022,1,1,1,1,1,1
03/09/2022,1,1,1,1,1,1
03/09/2022,1,1,1,1,1,1
03/09/2023,1,1,1,1,1,1
03/09/2023,1,1,1,1,1,1
03/09/2023,1,1,1,1,607,1
03/09/2023,103,1,1,1,1,1
03/09/2023,1,1,1,1,1,1
03/09/2023,1,1,6441,1,1,1
03/09/2024,1,1,636,1,1,1
03/09/2024,1,1,1,1,144,1
03/09/2024,1,1,1,1,1,1
03/09/2024,1,1,1,1,1,1
03/09/2024,3,1,1,1,1,1
03/09/2024,1,1,1,1,1,1
03/10/2022,1,1,1,1,1,1
03/10/2022,1,1,1,1,1,1
03/10/2022,1,1,1,1,1,1
03/10/2022,1,1,1,1,1,1
03/10/2022,1,1,1,1,1,1
03/10/2022,1,1,1,1,1,1
03/10/2023,1,1,1038,1,1,1
03/10/2023,56,1,1,1,1,1
03/10/2023,1,1,1,1,97,1
03/10/2023,1,1,1,1,1,1
03/10/2023,1,1,1,1,1,1
03/10/2023,1,1,1,1,1,1
03/10/2024,1,1,1,124,1,1
03/10/2024,1,1,1,1,1,1
03/10/2024,1,1,317,1,1,1
03/10/2024,1,1,1,1,1,1
03/10/2024,1,1,1,1,1,1
03/10/2024,1,1,1,1,25,1
03/11/2022,1,1,1,1,1,1
03/11/2022,1,1,1,1,1,1
03/11/2022,1,1,1,1,1,1
03/11/2022,1,1,1,1,1,1
03/11/2022,1,1,1,1,1,1
03/11/2022,1,1,1,1,1,1
03/11/2023,1,1,1,1,1,1
03/11/2023,57,1,1,1,1,1
03/11/2023,1,1,1,1,139,1
03/11/2023,1,1,1,1,1,1
03/11/2023,1,1,2085,1,1,1
03/11/2023,1,1,1,1,1,1
03/11/2024,1,1,1,1,97,1
03/11/2024,1,1,1,1,1,1
03/11/2024,1,1,515,1,1,1
03/11/2024,1,1,1,44522,1,1
03/11/2024,1,1,1,1,1,1
03/11/2024,1,1,1,1,1,1
03/12/2022,1,1,1,1,1,1
03/12/2022,1,1,1,1,1,1
03/12/2022,1,1,1,1,1,1
03/12/2022,1,1,1,1,1,1
03/12/2022,1,1,1,1,1,1
03/12/2022,1,1,1,1,1,1
03/12/2023,1,1,1,1,1,1
03/12/2023,1,1,1,1,1,1
03/12/2023,1,1,2875,1,1,1
03/12/2023,1,1,1,1,1,1
03/12/2023,2,1,1,1,1,1
03/12/2023,1,1,1,1,142,1
03/12/2024,1,1,273,1,1,1
03/12/2024,1,1,1,1,50,1
03/12/2024,1,1,1,1,1,1
03/12/2024,1,1,1,1,1,1
03/12/2024,1,1,1,1,1,1
03/12/2024,1,1,1,6010,1,1
04/01/2023,1,1,1,1,1,1
04/01/2023,1,1,1,1,1,1
04/01/2023,1,1,1,1,1,1
04/01/2023,1,1,1,1,1,1
04/01/2023,1,1,1,1,1,1
04/01/2023,1,1,1,1,1,1
04/01/2024,86,1,1,1,1,1
04/01/2024,1,1,1,1,115,1
04/01/2024,1,1,1,1,1,1
04/01/2024,1,1,1,1,1,1
04/01/2024,1,1,1386,1,1,1
04/01/2024,1,1,1,1,1,1
04/02/2022,1,1,1,1,1,1
04/02/2022,1,1,1,1,1,1
04/02/2022,1,1,1,1,1,1
04/02/2022,1,1,1,1,1,1
04/02/2022,1,1,1,1,1,1
04/02/2022,1,1,1,1,1,1
04/02/2023,1,1,1,1,1,1
04/02/2023,1,1,1,1,1,1
04/02/2023,1,1,1,1,1,1
04/02/2023,1,1,1,1,1,1
04/02/2023,1,1,1,1,1,1
04/02/2023,1,1,1,1,1,1
04/02/2024,1,1,1,1,65,1
04/02/2024,1,1,1251,1,1,1
04/02/2024,1,1,1,1,1,1
04/02/2024,2,1,1,1,1,1
04/02/2024,1,1,1,1,1,1
04/02/2024,1,1,1,1,1,1
04/03/2022,1,1,1,1,1,1
04/03/2022,1,1,1,1,1,1
04/03/2022,1,1,1,1,1,1
04/03/2022,1,1,1,1,1,1
04/03/2022,1,1,1,1,1,1
04/03/2022,1,1,1,1,1,1
04/03/2023,1,1,1,1,1,1
04/03/2023,1,1,1,1,1,1
04/03/2023,1,1,1,1,1,1
04/03/2023,1,1,1,1,1,1
04/03/2023,1,1,1,1,60,1
04/03/2023,1,1,775,1,1,1
04/03/2024,1,1,1,1,1,1
04/03/2024,20,1,1,1,1,1
04/03/2024,1,1,1349,1,1,1
04/03/2024,1,1,1,1,1,1
04/03/2024,1,1,1,1,1,1
04/03/2024,1,1,1,1,186,1
04/04/2022,1,1,1,1,1,1
04/04/2022,1,1,1,1,1,1
04/04/2022,1,1,1,1,1,1
04/04/2022,1,1,1,1,1,1
04/04/2022,1,1,1,1,1,1
04/04/2022,1,1,1,1,1,1
04/04/2023,11,1,1,1,1,1
04/04/2023,1,1,1,1,1,1
04/04/2023,1,1,1,1,1,1
04/04/2023,1,1,1,1,142,1
04/04/2023,1,1,1,1,1,1
04/04/2023,1,1,766,1,1,1
04/04/2024,1,1,1,1,1,1
04/04/2024,1,1,4655,1,1,1
04/04/2024,1,1,1,1,1,1
04/04/2024,9,1,1,1,1,1
04/04/2024,1,1,1,1,229,1
04/04/2024,1,1,1,1,1,1
04/05/2022,1,1,1,1,1,1
04/05/2022,1,1,1,1,1,1
04/05/2022,1,1,1,1,1,1
04/05/2022,1,1,1,1,1,1
04/05/2022,1,1,1,1,1,1
04/05/2022,1,1,1,1,1,1
04/05/2023,103,1,1,1,1,1
04/05/2023,1,1,1,1,192,1
04/05/2023,1,1,1,1,1,1
04/05/2023,1,1,1,1,1,1
04/05/2023,1,1,1337,1,1,1
04/05/2023,1,1,1,1,1,1
04/05/2024,1,1,1,1,1,1
04/05/2024,1,1,1,1,133,1
04/05/2024,11,1,1,1,1,1
04/05/2024,1,1,1,1,1,1
04/05/2024,1,1,785,1,1,1
04/05/2024,1,1,1,1,1,1
04/06/2022,1,1,1,1,1,1
04/06/2022,1,1,1,1,1,1
04/06/2022,1,1,1,1,1,1
04/06/2022,1,1,1,1,1,1
04/06/2022,1,1,1,1,1,1
04/06/2022,1,1,1,1,1,1
04/06/2023,1,1,700,1,1,1
04/06/2023,1,1,1,1,1,1
04/06/2023,1,1,1,1,1,1
04/06/2023,1,1,1,1,1,1
04/06/2023,1,1,1,1,132,1
04/06/2023,2,1,1,1,1,1
04/06/2024,1,1,1,1,1,1
04/06/2024,1,1,1,1,44,1
04/06/2024,1,1,1,1,1,1
04/06/2024,1,1,1,1,1,1
04/06/2024,1,1,1,1,1,1
04/06/2024,1,1,166,1,1,1
04/07/2022,1,1,1,1,1,1
04/07/2022,1,1,1,1,1,1
04/07/2022,1,1,1,1,1,1
04/07/2022,1,1,1,1,1,1
04/07/2022,1,1,1,1,1,1
04/07/2022,1,1,1,1,1,1
04/07/2023,1,1,1,1,1,1
04/07/2023,1,1,2418,1,1,1
04/07/2023,1,1,1,1,1,1
04/07/2023,191,1,1,1,1,1
04/07/2023,1,1,1,1,497,1
04/07/2023,1,1,1,1,1,1
04/07/2024,1,1,1,1,1,1
04/07/2024,61,1,1,1,1,1
04/07/2024,1,1,1,1,322,1
04/07/2024,1,1,1,1,1,1
04/07/2024,1,1,2800,1,1,1
04/07/2024,1,1,1,1,1,1
04/08/2022,1,1,1,1,1,1
04/08/2022,1,1,1,1,1,1
04/08/2022,1,1,1,1,1,1
04/08/2022,1,1,1,1,1,1
04/08/2022,1,1,1,1,1,1
04/08/2022,1,1,1,1,1,1
04/08/2023,1,1,1,1,1,1
04/08/2023,1,1,1,1,1,1
04/08/2023,1,1,7750,1,1,1
04/08/2023,1,1,1,1,754,1
04/08/2023,93,1,1,1,1,1
04/08/2023,1,1,1,1,1,1
04/08/2024,155,1,1,1,1,1
04/08/2024,1,1,5781,1,1,1
04/08/2024,1,1,1,1,1,1
04/08/2024,1,1,1,1,1,1
04/08/2024,1,1,1,1,569,1
04/08/2024,1,1,1,1,1,1
04/09/2022,1,1,1,1,1,1
04/09/2022,1,1,1,1,1,1
04/09/2022,1,1,1,1,1,1
04/09/2022,1,1,1,1,1,1
04/09/2022,1,1,1,1,1,1
04/09/2022,1,1,1,1,1,1
04/09/2023,1,1,2395,1,1,1
04/09/2023,1,1,1,1,380,1
04/09/2023,1,1,1,1,1,1
04/09/2023,1,1,1,1,1,1
04/09/2023,1,1,1,1,1,1
04/09/2023,179,1,1,1,1,1
04/09/2024,1,1,306,1,1,1
04/09/2024,1,1,1,1,108,1
04/09/2024,1,1,1,1,1,1
04/09/2024,1,1,1,1,1,1
04/09/2024,1,1,1,1,1,1
04/09/2024,1,1,1,1,1,1
04/10/2022,1,1,1,1,1,1
04/10/2022,1,1,1,1,1,1
04/10/2022,1,1,1,1,1,1
04/10/2022,1,1,1,1,1,1
04/10/2022,1,1,1,1,1,1
04/10/2022,1,1,1,1,1,1
04/10/2023,1,1,1,1,1,1
04/10/2023,36,1,1,1,1,1
04/10/2023,1,1,1,1,142,1
04/10/2023,1,1,1,1,1,1
04/10/2023,1,1,1,1,1,1
04/10/2023,1,1,753,1,1,1
04/10/2024,1,1,1,1,1,1
04/10/2024,1,1,1,1,1,1
04/10/2024,1,1,1,1,71,1
04/10/2024,2,1,1,1,1,1
04/10/2024,1,1,267,1,1,1
04/10/2024,1,1,1,307,1,1
04/11/2022,1,1,1,1,1,1
04/11/2022,1,1,1,1,1,1
04/11/2022,1,1,1,1,1,1
04/11/2022,1,1,1,1,1,1
04/11/2022,1,1,1,1,1,1
04/11/2022,1,1,1,1,1,1
04/11/2023,1,1,1,1,1,1
04/11/2023,16,1,1,1,1,1
04/11/2023,1,1,1,1,1,1
04/11/2023,1,1,1466,1,1,1
04/11/2023,1,1,1,1,1,1
04/11/2023,1,1,1,1,71,1
04/11/2024,1,1,1,1,1,1
04/11/2024,1,1,1400,1,1,1
04/11/2024,1,1,1,375,1,1
04/11/2024,1,1,1,1,1,1
04/11/2024,1,1,1,1,113,1
04/11/2024,1,1,1,1,1,1
04/12/2022,1,1,1,1,1,1
04/12/2022,1,1,1,1,1,1
04/12/2022,1,1,1,1,1,1
04/12/2022,1,1,1,1,1,1
04/12/2022,1,1,1,1,1,1
04/12/2022,1,1,1,1,1,1
04/12/2023,1,1,1,1,1,1
04/12/2023,2,1,1,1,1,1
04/12/2023,1,1,1,1,1,1
04/12/2023,1,1,1,1,1,1
04/12/2023,1,1,1503,1,1,1
04/12/2023,1,1,1,1,79,1
04/12/2024,1,1,1,1,1,1
04/12/2024,1,1,1,1,1,1
04/12/2024,1,1,1,1,27,1
04/12/2024,1,1,143,1,1,1
04/12/2024,1,1,1,127,1,1
04/12/2024,1,1,1,1,1,1
05/01/2023,1,1,1,1,1,1
05/01/2023,1,1,1,1,1,1
05/01/2023,1,1,1,1,1,1
05/01/2023,1,1,1,1,1,1
05/01/2023,1,1,1,1,1,1
05/01/2023,1,1,1,1,1,1
05/01/2024,1,1,1,1,1,1
05/01/2024,1,1,1,1,1,1
05/01/2024,1,1,1,1,1,1
05/01/2024,1,1,1547,1,1,1
05/01/2024,1,1,1,1,77,1
05/01/2024,58,1,1,1,1,1
05/02/2022,1,1,1,1,1,1
05/02/2022,1,1,1,1,1,1
05/02/2022,1,1,1,1,1,1
05/02/2022,1,1,1,1,1,1
05/02/2022,1,1,1,1,1,1
05/02/2022,1,1,1,1,1,1
05/02/2023,1,1,1,1,1,1
05/02/2023,1,1,1,1,1,1
05/02/2023,1,1,1,1,1,1
05/02/2023,1,1,1,1,1,1
05/02/2023,1,1,1,1,1,1
05/02/2023,1,1,1,1,1,1
05/02/2024,1,1,1,1,1,1
05/02/2024,1,1,1,1,105,1
05/02/2024,1,1,1,1,1,1
05/02/2024,4,1,1,1,1,1
05/02/2024,1,1,1601,1,1,1
05/02/2024,1,1,1,1,1,1
05/03/2022,1,1,1,1,1,1
05/03/2022,1,1,1,1,1,1
05/03/2022,1,1,1,1,1,1
05/03/2022,1,1,1,1,1,1
05/03/2022,1,1,1,1,1,1
05/03/2022,1,1,1,1,1,1
05/03/2023,1,1,1,1,105,1
05/03/2023,1,1,1,1,1,1
05/03/2023,1,1,1,1,1,1
05/03/2023,1,1,417,1,1,1
05/03/2023,9,1,1,1,1,1
05/03/2023,1,1,1,1,1,1
05/03/2024,1,1,1,1,1,1
05/03/2024,6,1,1,1,1,1
05/03/2024,1,1,1,1,1,1
05/03/2024,1,1,1,1,1,1
05/03/2024,1,1,1,1,77,1
05/03/2024,1,1,589,1,1,1
05/04/2022,1,1,1,1,1,1
05/04/2022,1,1,1,1,1,1
05/04/2022,1,1,1,1,1,1
05/04/2022,1,1,1,1,1,1
05/04/2022,1,1,1,1,1,1
05/04/2022,1,1,1,1,1,1
05/04/2023,1,1,1,1,1,1
05/04/2023,1,1,1,1,1,1
05/04/2023,1,1,6485,1,1,1
05/04/2023,1,1,1,1,1,1
05/04/2023,53,1,1,1,1,1
05/04/2023,1,1,1,1,235,1
05/04/2024,1,1,1,1,1,1
05/04/2024,1,1,1,1,1,1
05/04/2024,14,1,1,1,1,1
05/04/2024,1,1,1,1,304,1
05/04/2024,1,1,3225,1,1,1
05/04/2024,1,1,1,1,1,1
05/05/2022,1,1,1,1,1,1
05/05/2022,1,1,1,1,1,1
05/05/2022,1,1,1,1,1,1
05/05/2022,1,1,1,1,1,1
05/05/2022,1,1,1,1,1,1
05/05/2022,1,1,1,1,1,1
05/05/2023,1,1,1,1,1,1
05/05/2023,1,1,1,1,167,1
05/05/2023,1,1,1,1,1,1
05/05/2023,1,1,1,1,1,1
05/05/2023,37,1,1,1,1,1
05/05/2023,1,1,2360,1,1,1
05/05/2024,1,1,1,1,1,1
05/05/2024,1,1,533,1,1,1
05/05/2024,1,1,1,1,134,1
05/05/2024,1,1,1,1,1,1
05/05/2024,1,1,1,1,1,1
05/05/2024,5,1,1,1,1,1
05/06/2022,1,1,1,1,1,1
05/06/2022,1,1,1,1,1,1
05/06/2022,1,1,1,1,1,1
05/06/2022,1,1,1,1,1,1
05/06/2022,1,1,1,1,1,1
05/06/2022,1,1,1,1,1,1
05/06/2023,1,1,572,1,1,1
05/06/2023,1,1,1,1,1,1
05/06/2023,1,1,1,1,1,1
05/06/2023,1,1,1,1,1,1
05/06/2023,1,1,1,1,197,1
05/06/2023,46,1,1,1,1,1
05/06/2024,1,1,1,1,1,1
05/06/2024,1,1,1,1,1,1
05/06/2024,43,1,1,1,1,1
05/06/2024,1,1,1,1,232,1
05/06/2024,1,1,1,1,1,1
05/06/2024,1,1,2231,1,1,1
05/07/2022,1,1,1,1,1,1
05/07/2022,1,1,1,1,1,1
05/07/2022,1,1,1,1,1,1
05/07/2022,1,1,1,1,1,1
05/07/2022,1,1,1,1,1,1
05/07/2022,1,1,1,1,1,1
05/07/2023,1,1,1,1,1,1
05/07/2023,1,1,5840,1,1,1
05/07/2023,1,1,1,1,1,1
05/07/2023,1,1,1,1,1,1
05/07/2023,188,1,1,1,1,1
05/07/2023,1,1,1,1,653,1
05/07/2024,1,1,1440,1,1,1
05/07/2024,1,1,1,1,331,1
05/07/2024,1,1,1,1,1,1
05/07/2024,39,1,1,1,1,1
05/07/2024,1,1,1,1,1,1
05/07/2024,1,1,1,1,1,1
05/08/2022,1,1,1,1,1,1
05/08/2022,1,1,1,1,1,1
05/08/2022,1,1,1,1,1,1
05/08/2022,1,1,1,1,1,1
05/08/2022,1,1,1,1,1,1
05/08/2022,1,1,1,1,1,1
05/08/2023,1,1,1,1,1,1
05/08/2023,1,1,1,1,1,1
05/08/2023,1,1,5398,1,1,1
05/08/2023,1,1,1,1,1,1
05/08/2023,47,1,1,1,1,1
05/08/2023,1,1,1,1,605,1
05/08/2024,1,1,1,1,477,1
05/08/2024,1,1,1,1,1,1
05/08/2024,1,1,4902,1,1,1
05/08/2024,1,1,1,1,1,1
05/08/2024,1,1,1,1,1,1
05/08/2024,114,1,1,1,1,1
05/09/2022,1,1,1,1,1,1
05/09/2022,1,1,1,1,1,1
05/09/2022,1,1,1,1,1,1
05/09/2022,1,1,1,1,1,1
05/09/2022,1,1,1,1,1,1
05/09/2022,1,1,1,1,1,1
05/09/2023,1,1,1,1,245,1
05/09/2023,1,1,1,1,1,1
05/09/2023,1,1,1,1,1,1
05/09/2023,1,1,1,1,1,1
05/09/2023,35,1,1,1,1,1
05/09/2023,1,1,1231,1,1,1
05/09/2024,1,1,1,1,99,1
05/09/2024,1,1,224,1,1,1
05/09/2024,1,1,1,1,1,1
05/09/2024,1,1,1,1,1,1
05/09/2024,1,1,1,1,1,1
05/09/2024,1,1,1,1,1,1
05/10/2022,1,1,1,1,1,1
05/10/2022,1,1,1,1,1,1
05/10/2022,1,1,1,1,1,1
05/10/2022,1,1,1,1,1,1
05/10/2022,1,1,1,1,1,1
05/10/2022,1,1,1,1,1,1
05/10/2023,1,1,1,1,1,1
05/10/2023,1,1,1,1,67,1
05/10/2023,20,1,1,1,1,1
05/10/2023,1,1,1,1,1,1
05/10/2023,1,1,665,1,1,1
05/10/2023,1,1,1,1,1,1
05/10/2024,1,1,285,1,1,1
05/10/2024,1,1,1,219,1,1
05/10/2024,1,1,1,1,1,1
05/10/2024,1,1,1,1,1,1
05/10/2024,1,1,1,1,54,1
05/10/2024,1,1,1,1,1,1
05/11/2022,1,1,1,1,1,1
05/11/2022,1,1,1,1,1,1
05/11/2022,1,1,1,1,1,1
05/11/2022,1,1,1,1,1,1
05/11/2022,1,1,1,1,1,1
05/11/2022,1,1,1,1,1,1
05/11/2023,1,1,817,1,1,1
05/11/2023,1,1,1,1,1,1
05/11/2023,1,1,1,1,1,1
05/11/2023,1,1,1,1,93,1
05/11/2023,1,1,1,1,1,1
05/11/2023,8,1,1,1,1,1
05/11/2024,1,1,1,1,1,1
05/11/2024,1,1,433,1,1,1
05/11/2024,1,1,1,1,104,1
05/11/2024,1,1,1,1,1,1
05/11/2024,1,1,1,618,1,1
05/11/2024,1,1,1,1,1,1
05/12/2022,1,1,1,1,1,1
05/12/2022,1,1,1,1,1,1
05/12/2022,1,1,1,1,1,1
05/12/2022,1,1,1,1,1,1
05/12/2022,1,1,1,1,1,1
05/12/2022,1,1,1,1,1,1
05/12/2023,1,1,1,1,1,1
05/12/2023,41,1,1,1,1,1
05/12/2023,1,1,1,1,1,1
05/12/2023,1,1,1,1,74,1
05/12/2023,1,1,823,1,1,1
05/12/2023,1,1,1,1,1,1
05/12/2024,1,1,1,1,100,1
05/12/2024,1,1,1,1,1,1
05/12/2024,1,1,1,497,1,1
05/12/2024,18,1,1,1,1,1
05/12/2024,1,1,301,1,1,1
05/12/2024,1,1,1,1,1,1
06/01/2023,1,1,1,1,1,1
06/01/2023,1,1,1,1,1,1
06/01/2023,1,1,1,1,1,1
06/01/2023,1,1,1,1,1,1
06/01/2023,1,1,1,1,1,1
06/01/2023,1,1,1,1,1,1
06/01/2024,1,1,1,1,107,1
06/01/2024,1,1,1,1,1,1
06/01/2024,16,1,1,1,1,1
06/01/2024,1,1,1,1,1,1
06/01/2024,1,1,869,1,1,1
06/01/2024,1,1,1,1,1,1
06/02/2022,1,1,1,1,1,1
06/02/2022,1,1,1,1,1,1
06/02/2022,1,1,1,1,1,1
06/02/2022,1,1,1,1,1,1
06/02/2022,1,1,1,1,1,1
06/02/2022,1,1,1,1,1,1
06/02/2023,1,1,1,1,1,1
06/02/2023,1,1,1,1,1,1
06/02/2023,1,1,1,1,1,1
06/02/2023,1,1,1,1,1,1
06/02/2023,1,1,1,1,1,1
06/02/2023,1,1,1,1,1,1
06/02/2024,1,1,1,1,1,1
06/02/2024,1,1,1,1,105,1
06/02/2024,1,1,1,1,1,1
06/02/2024,1,1,1,1,1,1
06/02/2024,2,1,1,1,1,1
06/02/2024,1,1,1535,1,1,1
06/03/2022,1,1,1,1,1,1
06/03/2022,1,1,1,1,1,1
06/03/2022,1,1,1,1,1,1
06/03/2022,1,1,1,1,1,1
06/03/2022,1,1,1,1,1,1
06/03/2022,1,1,1,1,1,1
06/03/2023,1,1,1,1,113,1
06/03/2023,1,1,1,1,1,1
06/03/2023,19,1,1,1,1,1
06/03/2023,1,1,1,1,1,1
06/03/2023,1,1,1,1,1,1
06/03/2023,1,1,567,1,1,1
06/03/2024,10,1,1,1,1,1
06/03/2024,1,1,1,1,91,1
06/03/2024,1,1,1,1,1,1
06/03/2024,1,1,1,1,1,1
06/03/2024,1,1,1,1,1,1
06/03/2024,1,1,1709,1,1,1
06/04/2022,1,1,1,1,1,1
06/04/2022,1,1,1,1,1,1
06/04/2022,1,1,1,1,1,1
06/04/2022,1,1,1,1,1,1
06/04/2022,1,1,1,1,1,1
06/04/2022,1,1,1,1,1,1
06/04/2023,1,1,1,1,1,1
06/04/2023,1,1,1,1,1,1
06/04/2023,1,1,1,1,323,1
06/04/2023,30,1,1,1,1,1
06/04/2023,1,1,1,1,1,1
06/04/2023,1,1,4505,1,1,1
06/04/2024,1,1,1,1,1,1
06/04/2024,1,1,1,1,368,1
06/04/2024,1,1,1,1,1,1
06/04/2024,1,1,4090,1,1,1
06/04/2024,6,1,1,1,1,1
06/04/2024,1,1,1,1,1,1
06/05/2022,1,1,1,1,1,1
06/05/2022,1,1,1,1,1,1
06/05/2022,1,1,1,1,1,1
06/05/2022,1,1,1,1,1,1
06/05/2022,1,1,1,1,1,1
06/05/2022,1,1,1,1,1,1
06/05/2023,1,1,1,1,1,1
06/05/2023,26,1,1,1,1,1
06/05/2023,1,1,1,1,1,1
06/05/2023,1,1,1,1,1,1
06/05/2023,1,1,753,1,1,1
06/05/2023,1,1,1,1,166,1
06/05/2024,2,1,1,1,1,1
06/05/2024,1,1,310,1,1,1
06/05/2024,1,1,1,1,1,1
06/05/2024,1,1,1,1,1,1
06/05/2024,1,1,1,1,1,1
06/05/2024,1,1,1,1,90,1
06/06/2022,1,1,1,1,1,1
06/06/2022,1,1,1,1,1,1
06/06/2022,1,1,1,1,1,1
06/06/2022,1,1,1,1,1,1
06/06/2022,1,1,1,1,1,1
06/06/2022,1,1,1,1,1,1
06/06/2023,1,1,1,1,1,1
06/06/2023,1,1,1,1,1,1
06/06/2023,1,1,1,1,1,1
06/06/2023,46,1,1,1,1,1
06/06/2023,1,1,1,1,146,1
06/06/2023,1,1,1721,1,1,1
06/06/2024,1,1,1,1,211,1
06/06/2024,1,1,1,1,1,1
06/06/2024,26,1,1,1,1,1
06/06/2024,1,1,980,1,1,1
06/06/2024,1,1,1,1,1,1
06/06/2024,1,1,1,1,1,1
06/07/2022,1,1,1,1,1,1
06/07/2022,1,1,1,1,1,1
06/07/2022,1,1,1,1,1,1
06/07/2022,1,1,1,1,1,1
06/07/2022,1,1,1,1,1,1
06/07/2022,1,1,1,1,1,1
06/07/2023,1,1,1,1,1,1
06/07/2023,1,1,1,1,1059,1
06/07/2023,1,1,1,1,1,1
06/07/2023,98,1,1,1,1,1
06/07/2023,1,1,11026,1,1,1
06/07/2023,1,1,1,1,1,1
06/07/2024,1,1,1,1,424,1
06/07/2024,1,1,1,1,1,1
06/07/2024,1,1,1,1,1,1
06/07/2024,1,1,1,1,1,1
06/07/2024,1,1,1275,1,1,1
06/07/2024,25,1,1,1,1,1
06/08/2022,1,1,1,1,1,1
06/08/2022,1,1,1,1,1,1
06/08/2022,1,1,1,1,1,1
06/08/2022,1,1,1,1,1,1
06/08/2022,1,1,1,1,1,1
06/08/2022,1,1,1,1,1,1
06/08/2023,1,1,5433,1,1,1
06/08/2023,97,1,1,1,1,1
06/08/2023,1,1,1,1,698,1
06/08/2023,1,1,1,1,1,1
06/08/2023,1,1,1,1,1,1
06/08/2023,1,1,1,1,1,1
06/08/2024,79,1,1,1,1,1
06/08/2024,1,1,2273,1,1,1
06/08/2024,1,1,1,1,387,1
06/08/2024,1,1,1,1,1,1
06/08/2024,1,1,1,1,1,1
06/08/2024,1,1,1,1,1,1
06/09/2022,1,1,1,1,1,1
06/09/2022,1,1,1,1,1,1
06/09/2022,1,1,1,1,1,1
06/09/2022,1,1,1,1,1,1
06/09/2022,1,1,1,1,1,1
06/09/2022,1,1,1,1,1,1
06/09/2023,1,1,1,1,1,1
06/09/2023,1,1,958,1,1,1
06/09/2023,1,1,1,1,1,1
06/09/2023,1,1,1,1,222,1
06/09/2023,33,1,1,1,1,1
06/09/2023,1,1,1,1,1,1
06/09/2024,1,1,1,1,1,1
06/09/2024,1,1,1,1,1,1
06/09/2024,1,1,1,1,141,1
06/09/2024,1,1,1,1,1,1
06/09/2024,1,1,309,1,1,1
06/09/2024,1,1,1,1,1,1
06/10/2022,1,1,1,1,1,1
06/10/2022,1,1,1,1,1,1
06/10/2022,1,1,1,1,1,1
06/10/2022,1,1,1,1,1,1
06/10/2022,1,1,1,1,1,1
06/10/2022,1,1,1,1,1,1
06/10/2023,1,1,1,1,1,1
06/10/2023,1,1,440,1,1,1
06/10/2023,1,1,1,1,123,1
06/10/2023,1,1,1,1,1,1
06/10/2023,19,1,1,1,1,1
06/10/2023,1,1,1,1,1,1
06/10/2024,1,1,1058,1,1,1
06/10/2024,1,1,1,1,1,1
06/10/2024,1,1,1,382,1,1
06/10/2024,1,1,1,1,1,1
06/10/2024,1,1,1,1,1,1
06/10/2024,1,1,1,1,47,1
06/11/2022,1,1,1,1,1,1
06/11/2022,1,1,1,1,1,1
06/11/2022,1,1,1,1,1,1
06/11/2022,1,1,1,1,1,1
06/11/2022,1,1,1,1,1,1
06/11/2022,1,1,1,1,1,1
06/11/2023,1,1,1,1,53,1
06/11/2023,6,1,1,1,1,1
06/11/2023,1,1,1202,1,1,1
06/11/2023,1,1,1,1,1,1
06/11/2023,1,1,1,1,1,1
06/11/2023,1,1,1,1,1,1
06/11/2024,1,1,1,1,1,1
06/11/2024,1,1,1,1,1,1
06/11/2024,1,1,1,1,36,1
06/11/2024,1,1,1,63,1,1
06/11/2024,1,1,1,1,1,1
06/11/2024,1,1,290,1,1,1
06/12/2022,1,1,1,1,1,1
06/12/2022,1,1,1,1,1,1
06/12/2022,1,1,1,1,1,1
06/12/2022,1,1,1,1,1,1
06/12/2022,1,1,1,1,1,1
06/12/2022,1,1,1,1,1,1
06/12/2023,1,1,1,1,1,1
06/12/2023,1,1,1105,1,1,1
06/12/2023,1,1,1,1,113,1
06/12/2023,37,1,1,1,1,1
06/12/2023,1,1,1,1,1,1
06/12/2023,1,1,1,1,1,1
06/12/2024,1,1,1,1,1,1
06/12/2024,1,1,1,1,69,1
06/12/2024,1,1,1,567,1,1
06/12/2024,1,1,313,1,1,1
06/12/2024,1,1,1,1,1,1
06/12/2024,32,1,1,1,1,1
07/01/2023,1,1,1,1,1,1
07/01/2023,1,1,1,1,1,1
07/01/2023,1,1,1,1,1,1
07/01/2023,1,1,1,1,1,1
07/01/2023,1,1,1,1,1,1
07/01/2023,1,1,1,1,1,1
07/01/2024,1,1,1,1,1,1
07/01/2024,1,1,1,1,1,1
07/01/2024,1,1,1,1,1,1
07/01/2024,1,1,593,1,1,1
07/01/2024,1,1,1,1,1,1
07/01/2024,1,1,1,1,119,1
07/02/2022,1,1,1,1,1,1
07/02/2022,1,1,1,1,1,1
07/02/2022,1,1,1,1,1,1
07/02/2022,1,1,1,1,1,1
07/02/2022,1,1,1,1,1,1
07/02/2022,1,1,1,1,1,1
07/02/2023,1,1,1,1,1,1
07/02/2023,1,1,1,1,1,1
07/02/2023,1,1,1,1,1,1
07/02/2023,1,1,1,1,1,1
07/02/2023,1,1,1,1,1,1
07/02/2023,1,1,1,1,1,1
07/02/2024,1,1,2264,1,1,1
07/02/2024,26,1,1,1,1,1
07/02/2024,1,1,1,1,1,1
07/02/2024,1,1,1,1,1,1
07/02/2024,1,1,1,1,83,1
07/02/2024,1,1,1,1,1,1
07/03/2022,1,1,1,1,1,1
07/03/2022,1,1,1,1,1,1
07/03/2022,1,1,1,1,1,1
07/03/2022,1,1,1,1,1,1
07/03/2022,1,1,1,1,1,1
07/03/2022,1,1,1,1,1,1
07/03/2023,1,1,1,1,1,1
07/03/2023,1,1,1,1,108,1
07/03/2023,1,1,1483,1,1,1
07/03/2023,47,1,1,1,1,1
07/03/2023,1,1,1,1,1,1
07/03/2023,1,1,1,1,1,1
07/03/2024,2,1,1,1,1,1
07/03/2024,1,1,775,1,1,1
07/03/2024,1,1,1,1,1,1
07/03/2024,1,1,1,1,93,1
07/03/2024,1,1,1,1,1,1
07/03/2024,1,1,1,1,1,1
07/04/2022,1,1,1,1,1,1
07/04/2022,1,1,1,1,1,1
07/04/2022,1,1,1,1,1,1
07/04/2022,1,1,1,1,1,1
07/04/2022,1,1,1,1,1,1
07/04/2022,1,1,1,1,1,1
07/04/2023,1,1,1,1,1,1
07/04/2023,16,1,1,1,1,1
07/04/2023,1,1,1355,1,1,1
07/04/2023,1,1,1,1,148,1
07/04/2023,1,1,1,1,1,1
07/04/2023,1,1,1,1,1,1
07/04/2024,1,1,1,1,328,1
07/04/2024,1,1,4003,1,1,1
07/04/2024,1,1,1,1,1,1
07/04/2024,12,1,1,1,1,1
07/04/2024,1,1,1,1,1,1
07/04/2024,1,1,1,1,1,1
07/05/2022,1,1,1,1,1,1
07/05/2022,1,1,1,1,1,1
07/05/2022,1,1,1,1,1,1
07/05/2022,1,1,1,1,1,1
07/05/2022,1,1,1,1,1,1
07/05/2022,1,1,1,1,1,1
07/05/2023,1,1,1,1,1,1
07/05/2023,1,1,1,1,1,1
07/05/2023,1,1,692,1,1,1
07/05/2023,1,1,1,1,96,1
07/05/2023,1,1,1,1,1,1
07/05/2023,26,1,1,1,1,1
07/05/2024,1,1,1,1,1,1
07/05/2024,1,1,1,1,1,1
07/05/2024,1,1,329,1,1,1
07/05/2024,1,1,1,1,1,1
07/05/2024,1,1,1,1,1,1
07/05/2024,1,1,1,1,74,1
07/06/2022,1,1,1,1,1,1
07/06/2022,1,1,1,1,1,1
07/06/2022,1,1,1,1,1,1
07/06/2022,1,1,1,1,1,1
07/06/2022,1,1,1,1,1,1
07/06/2022,1,1,1,1,1,1
07/06/2023,21,1,1,1,1,1
07/06/2023,1,1,1,1,1,1
07/06/2023,1,1,1,1,1,1
07/06/2023,1,1,1,1,1,1
07/06/2023,1,1,1,1,276,1
07/06/2023,1,1,1801,1,1,1
07/06/2024,1,1,1320,1,1,1
07/06/2024,1,1,1,1,189,1
07/06/2024,1,1,1,1,1,1
07/06/2024,1,1,1,1,1,1
07/06/2024,1,1,1,1,1,1
07/06/2024,67,1,1,1,1,1
07/07/2022,1,1,1,1,1,1
07/07/2022,1,1,1,1,1,1
07/07/2022,1,1,1,1,1,1
07/07/2022,1,1,1,1,1,1
07/07/2022,1,1,1,1,1,1
07/07/2022,1,1,1,1,1,1
07/07/2023,1,1,7974,1,1,1
07/07/2023,1,1,1,1,834,1
07/07/2023,1,1,1,1,1,1
07/07/2023,1,1,1,1,1,1
07/07/2023,1,1,1,1,1,1
07/07/2023,103,1,1,1,1,1
07/07/2024,1,1,1,1,1,1
07/07/2024,1,1,1,1,1,1
07/07/2024,1,1,1,1,1,1
07/07/2024,11,1,1,1,1,1
07/07/2024,1,1,1196,1,1,1
07/07/2024,1,1,1,1,270,1
07/08/2022,1,1,1,1,1,1
07/08/2022,1,1,1,1,1,1
07/08/2022,1,1,1,1,1,1
07/08/2022,1,1,1,1,1,1
07/08/2022,1,1,1,1,1,1
07/08/2022,1,1,1,1,1,1
07/08/2023,48,1,1,1,1,1
07/08/2023,1,1,1,1,405,1
07/08/2023,1,1,1,1,1,1
07/08/2023,1,1,1737,1,1,1
07/08/2023,1,1,1,1,1,1
07/08/2023,1,1,1,1,1,1
07/08/2024,1,1,1,1,1,1
07/08/2024,1,1,1,1,1,1
07/08/2024,1,1,1935,1,1,1
07/08/2024,72,1,1,1,1,1
07/08/2024,1,1,1,1,461,1
07/08/2024,1,1,1,1,1,1
07/09/2022,1,1,1,1,1,1
07/09/2022,1,1,1,1,1,1
07/09/2022,1,1,1,1,1,1
07/09/2022,1,1,1,1,1,1
07/09/2022,1,1,1,1,1,1
07/09/2022,1,1,1,1,1,1
07/09/2023,1,1,1,1,1,1
07/09/2023,1,1,1,1,276,1
07/09/2023,1,1,1,1,1,1
07/09/2023,1,1,1402,1,1,1
07/09/2023,1,1,1,1,1,1
07/09/2023,120,1,1,1,1,1
07/09/2024,1,1,269,1,1,1
07/09/2024,1,1,1,1,1,1
07/09/2024,1,1,1,1,1,1
07/09/2024,1,1,1,1,1,1
07/09/2024,1,1,1,1,192,1
07/09/2024,2,1,1,1,1,1
07/10/2022,1,1,1,1,1,1
07/10/2022,1,1,1,1,1,1
07/10/2022,1,1,1,1,1,1
07/10/2022,1,1,1,1,1,1
07/10/2022,1,1,1,1,1,1
07/10/2022,1,1,1,1,1,1
07/10/2023,1,1,1,1,1,1
07/10/2023,1,1,1,1,109,1
07/10/2023,1,1,1,1,1,1
07/10/2023,1,1,1,1,1,1
07/10/2023,18,1,1,1,1,1
07/10/2023,1,1,357,1,1,1
07/10/2024,1,1,1,283,1,1
07/10/2024,1,1,1,1,1,1
07/10/2024,1,1,1,1,1,1
07/10/2024,1,1,1,1,83,1
07/10/2024,1,1,443,1,1,1
07/10/2024,1,1,1,1,1,1
07/11/2022,1,1,1,1,1,1
07/11/2022,1,1,1,1,1,1
07/11/2022,1,1,1,1,1,1
07/11/2022,1,1,1,1,1,1
07/11/2022,1,1,1,1,1,1
07/11/2022,1,1,1,1,1,1
07/11/2023,1,1,1,1,1,1
07/11/2023,1,1,1,1,114,1
07/11/2023,1,1,993,1,1,1
07/11/2023,6,1,1,1,1,1
07/11/2023,1,1,1,1,1,1
07/11/2023,1,1,1,1,1,1
07/11/2024,1,1,1,1,1,1
07/11/2024,1,1,1,495,1,1
07/11/2024,1,1,1,1,1,1
07/11/2024,1,1,1,1,1,1
07/11/2024,1,1,254,1,1,1
07/11/2024,1,1,1,1,86,1
07/12/2022,1,1,1,1,1,1
07/12/2022,1,1,1,1,1,1
07/12/2022,1,1,1,1,1,1
07/12/2022,1,1,1,1,1,1
07/12/2022,1,1,1,1,1,1
07/12/2022,1,1,1,1,1,1
07/12/2023,1,1,1,1,1,1
07/12/2023,1,1,1,1,1,1
07/12/2023,1,1,1,1,1,1
07/12/2023,77,1,1,1,1,1
07/12/2023,1,1,892,1,1,1
07/12/2023,1,1,1,1,75,1
07/12/2024,1,1,1,1,1,1
07/12/2024,1,1,139,1,1,1
07/12/2024,1,1,1,1,1,1
07/12/2024,1,1,1,1,62,1
07/12/2024,1,1,1,180,1,1
07/12/2024,1,1,1,1,1,1
08/01/2023,1,1,1,1,1,1
08/01/2023,1,1,1,1,1,1
08/01/2023,1,1,1,1,1,1
08/01/2023,1,1,1,1,1,1
08/01/2023,1,1,1,1,1,1
08/01/2023,1,1,1,1,1,1
08/01/2024,1,1,1,1,1,1
08/01/2024,1,1,1,1,1,1
08/01/2024,1,1,1,1,61,1
08/01/2024,31,1,1,1,1,1
08/01/2024,1,1,1,1,1,1
08/01/2024,1,1,1086,1,1,1
08/02/2022,1,1,1,1,1,1
08/02/2022,1,1,1,1,1,1
08/02/2022,1,1,1,1,1,1
08/02/2022,1,1,1,1,1,1
08/02/2022,1,1,1,1,1,1
08/02/2022,1,1,1,1,1,1
08/02/2023,1,1,1,1,1,1
08/02/2023,1,1,1,1,1,1
08/02/2023,1,1,1,1,1,1
08/02/2023,1,1,1,1,1,1
08/02/2023,1,1,1,1,1,1
08/02/2023,1,1,1,1,1,1
08/02/2024,1,1,1,1,1,1
08/02/2024,1,1,1,1,147,1
08/02/2024,1,1,1698,1,1,1
08/02/2024,32,1,1,1,1,1
08/02/2024,1,1,1,1,1,1
08/02/2024,1,1,1,1,1,1
08/03/2022,1,1,1,1,1,1
08/03/2022,1,1,1,1,1,1
08/03/2022,1,1,1,1,1,1
08/03/2022,1,1,1,1,1,1
08/03/2022,1,1,1,1,1,1
08/03/2022,1,1,1,1,1,1
08/03/2023,1,1,1,1,1,1
08/03/2023,1,1,1753,1,1,1
08/03/2023,1,1,1,1,50,1
08/03/2023,18,1,1,1,1,1
08/03/2023,1,1,1,1,1,1
08/03/2023,1,1,1,1,1,1
08/03/2024,1,1,1,1,1,1
08/03/2024,1,1,699,1,1,1
08/03/2024,1,1,1,1,1,1
08/03/2024,1,1,1,1,111,1
08/03/2024,1,1,1,1,1,1
08/03/2024,8,1,1,1,1,1
08/04/2022,1,1,1,1,1,1
08/04/2022,1,1,1,1,1,1
08/04/2022,1,1,1,1,1,1
08/04/2022,1,1,1,1,1,1
08/04/2022,1,1,1,1,1,1
08/04/2022,1,1,1,1,1,1
08/04/2023,1,1,776,1,1,1
08/04/2023,1,1,1,1,1,1
08/04/2023,1,1,1,1,1,1
08/04/2023,1,1,1,1,1,1
08/04/2023,1,1,1,1,132,1
08/04/2023,10,1,1,1,1,1
08/04/2024,1,1,1,1,1,1
08/04/2024,1,1,1,1,259,1
08/04/2024,1,1,1,1,1,1
08/04/2024,1,1,2291,1,1,1
08/04/2024,5,1,1,1,1,1
08/04/2024,1,1,1,1,1,1
08/05/2022,1,1,1,1,1,1
08/05/2022,1,1,1,1,1,1
08/05/2022,1,1,1,1,1,1
08/05/2022,1,1,1,1,1,1
08/05/2022,1,1,1,1,1,1
08/05/2022,1,1,1,1,1,1
08/05/2023,1,1,1,1,1,1
08/05/2023,46,1,1,1,1,1
08/05/2023,1,1,1,1,104,1
08/05/2023,1,1,1,1,1,1
08/05/2023,1,1,1,1,1,1
08/05/2023,1,1,471,1,1,1
08/05/2024,1,1,478,1,1,1
08/05/2024,1,1,1,1,1,1
08/05/2024,1,1,1,1,105,1
08/05/2024,1,1,1,1,1,1
08/05/2024,1,1,1,1,1,1
08/05/2024,1,1,1,1,1,1
08/06/2022,1,1,1,1,1,1
08/06/2022,1,1,1,1,1,1
08/06/2022,1,1,1,1,1,1
08/06/2022,1,1,1,1,1,1
08/06/2022,1,1,1,1,1,1
08/06/2022,1,1,1,1,1,1
08/06/2023,1,1,1,1,1,1
08/06/2023,1,1,1,1,172,1
08/06/2023,1,1,1,1,1,1
08/06/2023,1,1,1,1,1,1
08/06/2023,1,1,1182,1,1,1
08/06/2023,15,1,1,1,1,1
08/06/2024,1,1,1,1,1,1
08/06/2024,1,1,1565,1,1,1
08/06/2024,18,1,1,1,1,1
08/06/2024,1,1,1,1,241,1
08/06/2024,1,1,1,1,1,1
08/06/2024,1,1,1,1,1,1
08/07/2022,1,1,1,1,1,1
08/07/2022,1,1,1,1,1,1
08/07/2022,1,1,1,1,1,1
08/07/2022,1,1,1,1,1,1
08/07/2022,1,1,1,1,1,1
08/07/2022,1,1,1,1,1,1
08/07/2023,1,1,1,1,1,1
08/07/2023,1,1,7192,1,1,1
08/07/2023,1,1,1,1,1,1
08/07/2023,158,1,1,1,1,1
08/07/2023,1,1,1,1,1,1
08/07/2023,1,1,1,1,958,1
08/07/2024,1,1,1,1,1,1
08/07/2024,12,1,1,1,1,1
08/07/2024,1,1,1,1,206,1
08/07/2024,1,1,1573,1,1,1
08/07/2024,1,1,1,1,1,1
08/07/2024,1,1,1,1,1,1
08/08/2022,1,1,1,1,1,1
08/08/2022,1,1,1,1,1,1
08/08/2022,1,1,1,1,1,1
08/08/2022,1,1,1,1,1,1
08/08/2022,1,1,1,1,1,1
08/08/2022,1,1,1,1,1,1
08/08/2023,1,1,1,1,441,1
08/08/2023,1,1,1,1,1,1
08/08/2023,67,1,1,1,1,1
08/08/2023,1,1,1,1,1,1
08/08/2023,1,1,1,1,1,1
08/08/2023,1,1,2044,1,1,1
08/08/2024,1,1,1,1,1,1
08/08/2024,1,1,2591,1,1,1
08/08/2024,1,1,1,1,1,1
08/08/2024,142,1,1,1,1,1
08/08/2024,1,1,1,1,1,1
08/08/2024,1,1,1,1,431,1
08/09/2022,1,1,1,1,1,1
08/09/2022,1,1,1,1,1,1
08/09/2022,1,1,1,1,1,1
08/09/2022,1,1,1,1,1,1
08/09/2022,1,1,1,1,1,1
08/09/2022,1,1,1,1,1,1
08/09/2023,1,1,1,1,1,1
08/09/2023,1,1,1,1,1,1
08/09/2023,1,1,1,1,210,1
08/09/2023,56,1,1,1,1,1
08/09/2023,1,1,1,1,1,1
08/09/2023,1,1,1154,1,1,1
08/09/2024,1,1,1,1,1,1
08/09/2024,29,1,1,1,1,1
08/09/2024,1,1,1,1,1,1
08/09/2024,1,1,300,1,1,1
08/09/2024,1,1,1,1,1,1
08/09/2024,1,1,1,1,140,1
08/10/2022,1,1,1,1,1,1
08/10/2022,1,1,1,1,1,1
08/10/2022,1,1,1,1,1,1
08/10/2022,1,1,1,1,1,1
08/10/2022,1,1,1,1,1,1
08/10/2022,1,1,1,1,1,1
08/10/2023,1,1,278,1,1,1
08/10/2023,1,1,1,1,1,1
08/10/2023,1,1,1,1,1,1
08/10/2023,1,1,1,1,67,1
08/10/2023,9,1,1,1,1,1
08/10/2023,1,1,1,1,1,1
08/10/2024,1,1,1,166,1,1
08/10/2024,1,1,1,1,1,1
08/10/2024,1,1,1,1,1,1
08/10/2024,1,1,1,1,1,1
08/10/2024,1,1,305,1,1,1
08/10/2024,1,1,1,1,41,1
08/11/2022,1,1,1,1,1,1
08/11/2022,1,1,1,1,1,1
08/11/2022,1,1,1,1,1,1
08/11/2022,1,1,1,1,1,1
08/11/2022,1,1,1,1,1,1
08/11/2022,1,1,1,1,1,1
08/11/2023,1,1,1,1,1,1
08/11/2023,1,1,1,1,1,1
08/11/2023,64,1,1,1,1,1
08/11/2023,1,1,1,1,133,1
08/11/2023,1,1,2641,1,1,1
08/11/2023,1,1,1,1,1,1
08/11/2024,1,1,200,1,1,1
08/11/2024,1,1,1,1,40,1
08/11/2024,1,1,1,1,1,1
08/11/2024,1,1,1,1,1,1
08/11/2024,1,1,1,134,1,1
08/11/2024,1,1,1,1,1,1
08/12/2022,1,1,1,1,1,1
08/12/2022,1,1,1,1,1,1
08/12/2022,1,1,1,1,1,1
08/12/2022,1,1,1,1,1,1
08/12/2022,1,1,1,1,1,1
08/12/2022,1,1,1,1,1,1
08/12/2023,1,1,1,1,1,1
08/12/2023,1,1,1,1,1,1
08/12/2023,1,1,1,1,1,1
08/12/2023,10,1,1,1,1,1
08/12/2023,1,1,1,1,70,1
08/12/2023,1,1,534,1,1,1
08/12/2024,1,1,1,1,114,1
08/12/2024,1,1,1,1,1,1
08/12/2024,1,1,153,1,1,1
08/12/2024,1,1,1,455,1,1
08/12/2024,1,1,1,1,1,1
08/12/2024,1,1,1,1,1,1
09/01/2023,1,1,1,1,1,1
09/01/2023,1,1,1,1,1,1
09/01/2023,1,1,1,1,1,1
09/01/2023,1,1,1,1,1,1
09/01/2023,1,1,1,1,1,1
09/01/2023,1,1,1,1,1,1
09/01/2024,63,1,1,1,1,1
09/01/2024,1,1,1,1,1,1
09/01/2024,1,1,1440,1,1,1
09/01/2024,1,1,1,1,142,1
09/01/2024,1,1,1,1,1,1
09/01/2024,1,1,1,1,1,1
09/02/2022,1,1,1,1,1,1
09/02/2022,1,1,1,1,1,1
09/02/2022,1,1,1,1,1,1
09/02/2022,1,1,1,1,1,1
09/02/2022,1,1,1,1,1,1
09/02/2022,1,1,1,1,1,1
09/02/2023,1,1,1,1,1,1
09/02/2023,1,1,1,1,1,1
09/02/2023,1,1,1,1,1,1
09/02/2023,1,1,1,1,1,1
09/02/2023,1,1,1,1,1,1
09/02/2023,1,1,1,1,1,1
09/02/2024,1,1,1,1,1,1
09/02/2024,1,1,2267,1,1,1
09/02/2024,28,1,1,1,1,1
09/02/2024,1,1,1,1,1,1
09/02/2024,1,1,1,1,114,1
09/02/2024,1,1,1,1,1,1
09/03/2022,1,1,1,1,1,1
09/03/2022,1,1,1,1,1,1
09/03/2022,1,1,1,1,1,1
09/03/2022,1,1,1,1,1,1
09/03/2022,1,1,1,1,1,1
09/03/2022,1,1,1,1,1,1
09/03/2023,1,1,1,1,241,1
09/03/2023,1,1,1,1,1,1
09/03/2023,1,1,1,1,1,1
09/03/2023,1,1,1593,1,1,1
09/03/2023,1,1,1,1,1,1
09/03/2023,14,1,1,1,1,1
09/03/2024,1,1,1,1,1,1
09/03/2024,1,1,1,1,1,1
09/03/2024,1,1,1,1,1,1
09/03/2024,1,1,1418,1,1,1
09/03/2024,1,1,1,1,90,1
09/03/2024,3,1,1,1,1,1
09/04/2022,1,1,1,1,1,1
09/04/2022,1,1,1,1,1,1
09/04/2022,1,1,1,1,1,1
09/04/2022,1,1,1,1,1,1
09/04/2022,1,1,1,1,1,1
09/04/2022,1,1,1,1,1,1
09/04/2023,1,1,1,1,1,1
09/04/2023,11,1,1,1,1,1
09/04/2023,1,1,1,1,1,1
09/04/2023,1,1,1,1,1,1
09/04/2023,1,1,967,1,1,1
09/04/2023,1,1,1,1,89,1
09/04/2024,11,1,1,1,1,1
09/04/2024,1,1,1,1,126,1
09/04/2024,1,1,568,1,1,1
09/04/2024,1,1,1,1,1,1
09/04/2024,1,1,1,1,1,1
09/04/2024,1,1,1,1,1,1
09/05/2022,1,1,1,1,1,1
09/05/2022,1,1,1,1,1,1
09/05/2022,1,1,1,1,1,1
09/05/2022,1,1,1,1,1,1
09/05/2022,1,1,1,1,1,1
09/05/2022,1,1,1,1,1,1
09/05/2023,1,1,1,1,1,1
09/05/2023,1,1,1,1,482,1
09/05/2023,1,1,3255,1,1,1
09/05/2023,1,1,1,1,1,1
09/05/2023,238,1,1,1,1,1
09/05/2023,1,1,1,1,1,1
09/05/2024,1,1,6935,1,1,1
09/05/2024,14,1,1,1,1,1
09/05/2024,1,1,1,1,1,1
09/05/2024,1,1,1,1,1,1
09/05/2024,1,1,1,1,342,1
09/05/2024,1,1,1,1,1,1
09/06/2022,1,1,1,1,1,1
09/06/2022,1,1,1,1,1,1
09/06/2022,1,1,1,1,1,1
09/06/2022,1,1,1,1,1,1
09/06/2022,1,1,1,1,1,1
09/06/2022,1,1,1,1,1,1
09/06/2023,1,1,1,1,1,1
09/06/2023,1,1,1,1,191,1
09/06/2023,1,1,1,1,1,1
09/06/2023,1,1,1,1,1,1
09/06/2023,57,1,1,1,1,1
09/06/2023,1,1,1995,1,1,1
09/06/2024,1,1,1,1,111,1
09/06/2024,1,1,1,1,1,1
09/06/2024,1,1,1,1,1,1
09/06/2024,1,1,1,1,1,1
09/06/2024,1,1,281,1,1,1
09/06/2024,1,1,1,1,1,1
09/07/2022,1,1,1,1,1,1
09/07/2022,1,1,1,1,1,1
09/07/2022,1,1,1,1,1,1
09/07/2022,1,1,1,1,1,1
09/07/2022,1,1,1,1,1,1
09/07/2022,1,1,1,1,1,1
09/07/2023,1,1,1,1,878,1
09/07/2023,134,1,1,1,1,1
09/07/2023,1,1,1,1,1,1
09/07/2023,1,1,1,1,1,1
09/07/2023,1,1,1,1,1,1
09/07/2023,1,1,9894,1,1,1
09/07/2024,1,1,1,1,244,1
09/07/2024,1,1,1,1,1,1
09/07/2024,1,1,1925,1,1,1
09/07/2024,96,1,1,1,1,1
09/07/2024,1,1,1,1,1,1
09/07/2024,1,1,1,1,1,1
09/08/2022,1,1,1,1,1,1
09/08/2022,1,1,1,1,1,1
09/08/2022,1,1,1,1,1,1
09/08/2022,1,1,1,1,1,1
09/08/2022,1,1,1,1,1,1
09/08/2022,1,1,1,1,1,1
09/08/2023,46,1,1,1,1,1
09/08/2023,1,1,1254,1,1,1
09/08/2023,1,1,1,1,372,1
09/08/2023,1,1,1,1,1,1
09/08/2023,1,1,1,1,1,1
09/08/2023,1,1,1,1,1,1
09/08/2024,1,1,1550,1,1,1
09/08/2024,1,1,1,1,1,1
09/08/2024,1,1,1,1,1,1
09/08/2024,1,1,1,1,1,1
09/08/2024,1,1,1,1,319,1
09/08/2024,43,1,1,1,1,1
09/09/2022,1,1,1,1,1,1
09/09/2022,1,1,1,1,1,1
09/09/2022,1,1,1,1,1,1
09/09/2022,1,1,1,1,1,1
09/09/2022,1,1,1,1,1,1
09/09/2022,1,1,1,1,1,1
09/09/2023,1,1,1,1,1,1
09/09/2023,1,1,1,1,225,1
09/09/2023,60,1,1,1,1,1
09/09/2023,1,1,1,1,1,1
09/09/2023,1,1,1,1,1,1
09/09/2023,1,1,866,1,1,1
09/09/2024,1,1,1,1,118,1
09/09/2024,1,1,1,1,1,1
09/09/2024,1,1,197,1,1,1
09/09/2024,16,1,1,1,1,1
09/09/2024,1,1,1,1,1,1
09/09/2024,1,1,1,1,1,1
09/10/2022,1,1,1,1,1,1
09/10/2022,1,1,1,1,1,1
09/10/2022,1,1,1,1,1,1
09/10/2022,1,1,1,1,1,1
09/10/2022,1,1,1,1,1,1
09/10/2022,1,1,1,1,1,1
09/10/2023,1,1,1,1,1,1
09/10/2023,1,1,1,1,1,1
09/10/2023,1,1,1,1,1,1
09/10/2023,1,1,317,1,1,1
09/10/2023,1,1,1,1,59,1
09/10/2023,24,1,1,1,1,1
09/10/2024,1,1,1,1,1,1
09/10/2024,1,1,1,1,59,1
09/10/2024,1,1,1,1,1,1
09/10/2024,1,1,1,286,1,1
09/10/2024,1,1,1,1,1,1
09/10/2024,1,1,239,1,1,1
09/11/2022,1,1,1,1,1,1
09/11/2022,1,1,1,1,1,1
09/11/2022,1,1,1,1,1,1
09/11/2022,1,1,1,1,1,1
09/11/2022,1,1,1,1,1,1
09/11/2022,1,1,1,1,1,1
09/11/2023,1,1,1,1,1,1
09/11/2023,1,1,1,1,1,1
09/11/2023,1,1,1,1,250,1
09/11/2023,147,1,1,1,1,1
09/11/2023,1,1,1,1,1,1
09/11/2023,1,1,6196,1,1,1
09/11/2024,1,1,456,1,1,1
09/11/2024,10,1,1,1,1,1
09/11/2024,1,1,1,1,1,1
09/11/2024,1,1,1,1,1,1
09/11/2024,1,1,1,1,101,1
09/11/2024,1,1,1,680,1,1
09/12/2022,1,1,1,1,1,1
09/12/2022,1,1,1,1,1,1
09/12/2022,1,1,1,1,1,1
09/12/2022,1,1,1,1,1,1
09/12/2022,1,1,1,1,1,1
09/12/2022,1,1,1,1,1,1
09/12/2023,1,1,515,1,1,1
09/12/2023,1,1,1,1,1,1
09/12/2023,1,1,1,1,113,1
09/12/2023,1,1,1,1,1,1
09/12/2023,14,1,1,1,1,1
09/12/2023,1,1,1,1,1,1
09/12/2024,1,1,1,1,1,1
09/12/2024,1,1,1,1,79,1
09/12/2024,1,1,1,1,1,1
09/12/2024,1,1,1,1,1,1
09/12/2024,1,1,142,1,1,1
09/12/2024,1,1,1,269,1,1
10/01/2023,1,1,1,1,1,1
10/01/2023,1,1,1,1,1,1
10/01/2023,1,1,1,1,1,1
10/01/2023,1,1,1,1,1,1
10/01/2023,1,1,1,1,1,1
10/01/2023,1,1,1,1,1,1
10/01/2024,31,1,1,1,1,1
10/01/2024,1,1,1,1,1,1
10/01/2024,1,1,1,1,1,1
10/01/2024,1,1,1,1,118,1
10/01/2024,1,1,1185,1,1,1
10/01/2024,1,1,1,1,1,1
10/02/2022,1,1,1,1,1,1
10/02/2022,1,1,1,1,1,1
10/02/2022,1,1,1,1,1,1
10/02/2022,1,1,1,1,1,1
10/02/2022,1,1,1,1,1,1
10/02/2022,1,1,1,1,1,1
10/02/2023,1,1,1,1,1,1
10/02/2023,1,1,1,1,1,1
10/02/2023,1,1,1,1,1,1
10/02/2023,1,1,1,1,1,1
10/02/2023,1,1,1,1,1,1
10/02/2023,1,1,1,1,1,1
10/02/2024,1,1,1,1,1,1
10/02/2024,1,1,4391,1,1,1
10/02/2024,1,1,1,1,1,1
10/02/2024,6,1,1,1,1,1
10/02/2024,1,1,1,1,182,1
10/02/2024,1,1,1,1,1,1
10/03/2022,1,1,1,1,1,1
10/03/2022,1,1,1,1,1,1
10/03/2022,1,1,1,1,1,1
10/03/2022,1,1,1,1,1,1
10/03/2022,1,1,1,1,1,1
10/03/2022,1,1,1,1,1,1
10/03/2023,23,1,1,1,1,1
10/03/2023,1,1,1,1,1,1
10/03/2023,1,1,1,1,1,1
10/03/2023,1,1,646,1,1,1
10/03/2023,1,1,1,1,1,1
10/03/2023,1,1,1,1,141,1
10/03/2024,1,1,1,1,1,1
10/03/2024,1,1,846,1,1,1
10/03/2024,1,1,1,1,75,1
10/03/2024,1,1,1,1,1,1
10/03/2024,1,1,1,1,1,1
10/03/2024,5,1,1,1,1,1
10/04/2022,1,1,1,1,1,1
10/04/2022,1,1,1,1,1,1
10/04/2022,1,1,1,1,1,1
10/04/2022,1,1,1,1,1,1
10/04/2022,1,1,1,1,1,1
10/04/2022,1,1,1,1,1,1
10/04/2023,1,1,1,1,1,1
10/04/2023,1,1,645,1,1,1
10/04/2023,1,1,1,1,1,1
10/04/2023,14,1,1,1,1,1
10/04/2023,1,1,1,1,1,1
10/04/2023,1,1,1,1,104,1
10/04/2024,9,1,1,1,1,1
10/04/2024,1,1,1,1,1,1
10/04/2024,1,1,1,1,1,1
10/04/2024,1,1,1023,1,1,1
10/04/2024,1,1,1,1,1,1
10/04/2024,1,1,1,1,117,1
10/05/2022,1,1,1,1,1,1
10/05/2022,1,1,1,1,1,1
10/05/2022,1,1,1,1,1,1
10/05/2022,1,1,1,1,1,1
10/05/2022,1,1,1,1,1,1
10/05/2022,1,1,1,1,1,1
10/05/2023,1,1,1,1,1,1
10/05/2023,1,1,1343,1,1,1
10/05/2023,1,1,1,1,254,1
10/05/2023,109,1,1,1,1,1
10/05/2023,1,1,1,1,1,1
10/05/2023,1,1,1,1,1,1
10/05/2024,1,1,1,1,188,1
10/05/2024,1,1,1,1,1,1
10/05/2024,1,1,1,1,1,1
10/05/2024,12,1,1,1,1,1
10/05/2024,1,1,1,1,1,1
10/05/2024,1,1,8216,1,1,1
10/06/2022,1,1,1,1,1,1
10/06/2022,1,1,1,1,1,1
10/06/2022,1,1,1,1,1,1
10/06/2022,1,1,1,1,1,1
10/06/2022,1,1,1,1,1,1
10/06/2022,1,1,1,1,1,1
10/06/2023,1,1,10486,1,1,1
10/06/2023,1,1,1,1,1,1
10/06/2023,1,1,1,1,1,1
10/06/2023,1,1,1,1,362,1
10/06/2023,52,1,1,1,1,1
10/06/2023,1,1,1,1,1,1
10/06/2024,1,1,1,1,1,1
10/06/2024,1,1,295,1,1,1
10/06/2024,3,1,1,1,1,1
10/06/2024,1,1,1,1,1,1
10/06/2024,1,1,1,1,139,1
10/06/2024,1,1,1,1,1,1
10/07/2022,1,1,1,1,1,1
10/07/2022,1,1,1,1,1,1
10/07/2022,1,1,1,1,1,1
10/07/2022,1,1,1,1,1,1
10/07/2022,1,1,1,1,1,1
10/07/2022,1,1,1,1,1,1
10/07/2023,145,1,1,1,1,1
10/07/2023,1,1,1,1,1,1
10/07/2023,1,1,1,1,1,1
10/07/2023,1,1,1,1,891,1
10/07/2023,1,1,1,1,1,1
10/07/2023,1,1,10997,1,1,1
10/07/2024,81,1,1,1,1,1
10/07/2024,1,1,1,1,1,1
10/07/2024,1,1,1,1,378,1
10/07/2024,1,1,1,1,1,1
10/07/2024,1,1,2570,1,1,1
10/07/2024,1,1,1,1,1,1
10/08/2022,1,1,1,1,1,1
10/08/2022,1,1,1,1,1,1
10/08/2022,1,1,1,1,1,1
10/08/2022,1,1,1,1,1,1
10/08/2022,1,1,1,1,1,1
10/08/2022,1,1,1,1,1,1
10/08/2023,1,1,1,1,1,1
10/08/2023,86,1,1,1,1,1
10/08/2023,1,1,1,1,1,1
10/08/2023,1,1,1,1,620,1
10/08/2023,1,1,3583,1,1,1
10/08/2023,1,1,1,1,1,1
10/08/2024,1,1,1,1,1,1
10/08/2024,1,1,1718,1,1,1
10/08/2024,1,1,1,1,1,1
10/08/2024,52,1,1,1,1,1
10/08/2024,1,1,1,1,1,1
10/08/2024,1,1,1,1,375,1
10/09/2022,1,1,1,1,1,1
10/09/2022,1,1,1,1,1,1
10/09/2022,1,1,1,1,1,1
10/09/2022,1,1,1,1,1,1
10/09/2022,1,1,1,1,1,1
10/09/2022,1,1,1,1,1,1
10/09/2023,1,1,1,1,1,1
10/09/2023,1,1,587,1,1,1
10/09/2023,1,1,1,1,1,1
10/09/2023,76,1,1,1,1,1
10/09/2023,1,1,1,1,1,1
10/09/2023,1,1,1,1,156,1
10/09/2024,1,1,1,1,70,1
10/09/2024,1,1,1,1,1,1
10/09/2024,1,1,703,1,1,1
10/09/2024,1,1,1,1,1,1
10/09/2024,1,1,1,1,1,1
10/09/2024,1,1,1,1,1,1
10/10/2022,1,1,1,1,1,1
10/10/2022,1,1,1,1,1,1
10/10/2022,1,1,1,1,1,1
10/10/2022,1,1,1,1,1,1
10/10/2022,1,1,1,1,1,1
10/10/2022,1,1,1,1,1,1
10/10/2023,1,1,438,1,1,1
10/10/2023,1,1,1,1,79,1
10/10/2023,1,1,1,1,1,1
10/10/2023,1,1,1,1,1,1
10/10/2023,1,1,1,1,1,1
10/10/2023,24,1,1,1,1,1
10/10/2024,1,1,1,1,1,1
10/10/2024,1,1,1,1,1,1
10/10/2024,1,1,1,1,1,1
10/10/2024,1,1,1,1,79,1
10/10/2024,1,1,1088,1,1,1
10/10/2024,1,1,1,266,1,1
10/11/2022,1,1,1,1,1,1
10/11/2022,1,1,1,1,1,1
10/11/2022,1,1,1,1,1,1
10/11/2022,1,1,1,1,1,1
10/11/2022,1,1,1,1,1,1
10/11/2022,1,1,1,1,1,1
10/11/2023,1,1,1,1,1,1
10/11/2023,1,1,4523,1,1,1
10/11/2023,47,1,1,1,1,1
10/11/2023,1,1,1,1,1,1
10/11/2023,1,1,1,1,1,1
10/11/2023,1,1,1,1,112,1
10/11/2024,1,1,1,1,1,1
10/11/2024,1,1,1,1,1,1
10/11/2024,1,1,1,110,1,1
10/11/2024,1,1,1,1,1,1
10/11/2024,1,1,1,1,25,1
10/11/2024,1,1,193,1,1,1
10/12/2022,1,1,1,1,1,1
10/12/2022,1,1,1,1,1,1
10/12/2022,1,1,1,1,1,1
10/12/2022,1,1,1,1,1,1
10/12/2022,1,1,1,1,1,1
10/12/2022,1,1,1,1,1,1
10/12/2023,1,1,1,1,1,1
10/12/2023,1,1,1,1,124,1
10/12/2023,1,1,1,1,1,1
10/12/2023,1,1,733,1,1,1
10/12/2023,1,1,1,1,1,1
10/12/2023,1,1,1,1,1,1
10/12/2024,1,1,1,1,1,1
10/12/2024,1,1,1,1,93,1
10/12/2024,1,1,1,1,1,1
10/12/2024,1,1,106,1,1,1
10/12/2024,1,1,1,272,1,1
10/12/2024,1,1,1,1,1,1
11/01/2023,1,1,1,1,1,1
11/01/2023,1,1,1,1,1,1
11/01/2023,1,1,1,1,1,1
11/01/2023,1,1,1,1,1,1
11/01/2023,1,1,1,1,1,1
11/01/2023,1,1,1,1,1,1
11/01/2024,22,1,1,1,1,1
11/01/2024,1,1,1917,1,1,1
11/01/2024,1,1,1,1,1,1
11/01/2024,1,1,1,1,1,1
11/01/2024,1,1,1,1,164,1
11/01/2024,1,1,1,1,1,1
11/02/2022,1,1,1,1,1,1
11/02/2022,1,1,1,1,1,1
11/02/2022,1,1,1,1,1,1
11/02/2022,1,1,1,1,1,1
11/02/2022,1,1,1,1,1,1
11/02/2022,1,1,1,1,1,1
11/02/2023,1,1,1,1,1,1
11/02/2023,1,1,1,1,1,1
11/02/2023,1,1,1,1,1,1
11/02/2023,1,1,1,1,1,1
11/02/2023,1,1,1,1,1,1
11/02/2023,1,1,1,1,1,1
11/02/2024,1,1,1,1,68,1
11/02/2024,1,1,1,1,1,1
11/02/2024,1,1,1388,1,1,1
11/02/2024,5,1,1,1,1,1
11/02/2024,1,1,1,1,1,1
11/02/2024,1,1,1,1,1,1
11/03/2022,1,1,1,1,1,1
11/03/2022,1,1,1,1,1,1
11/03/2022,1,1,1,1,1,1
11/03/2022,1,1,1,1,1,1
11/03/2022,1,1,1,1,1,1
11/03/2022,1,1,1,1,1,1
11/03/2023,1,1,14930,1,1,1
11/03/2023,40,1,1,1,1,1
11/03/2023,1,1,1,1,1,1
11/03/2023,1,1,1,1,1,1
11/03/2023,1,1,1,1,1,1
11/03/2023,1,1,1,1,331,1
11/03/2024,1,1,1,1,74,1
11/03/2024,1,1,864,1,1,1
11/03/2024,1,1,1,1,1,1
11/03/2024,1,1,1,1,1,1
11/03/2024,11,1,1,1,1,1
11/03/2024,1,1,1,1,1,1
11/04/2022,1,1,1,1,1,1
11/04/2022,1,1,1,1,1,1
11/04/2022,1,1,1,1,1,1
11/04/2022,1,1,1,1,1,1
11/04/2022,1,1,1,1,1,1
11/04/2022,1,1,1,1,1,1
11/04/2023,1,1,3023,1,1,1
11/04/2023,1,1,1,1,1,1
11/04/2023,1,1,1,1,1,1
11/04/2023,1,1,1,1,1,1
11/04/2023,1,1,1,1,163,1
11/04/2023,8,1,1,1,1,1
11/04/2024,179,1,1,1,1,1
11/04/2024,1,1,3607,1,1,1
11/04/2024,1,1,1,1,1,1
11/04/2024,1,1,1,1,1,1
11/04/2024,1,1,1,1,1,1
11/04/2024,1,1,1,1,10277,1
11/05/2022,1,1,1,1,1,1
11/05/2022,1,1,1,1,1,1
11/05/2022,1,1,1,1,1,1
11/05/2022,1,1,1,1,1,1
11/05/2022,1,1,1,1,1,1
11/05/2022,1,1,1,1,1,1
11/05/2023,1,1,1,1,1,1
11/05/2023,1,1,298,1,1,1
11/05/2023,1,1,1,1,1,1
11/05/2023,1,1,1,1,1,1
11/05/2023,1,1,1,1,100,1
11/05/2023,19,1,1,1,1,1
11/05/2024,1,1,1,1,1,1
11/05/2024,1,1,1,1,382,1
11/05/2024,1,1,1,1,1,1
11/05/2024,7,1,1,1,1,1
11/05/2024,1,1,1,1,1,1
11/05/2024,1,1,7293,1,1,1
11/06/2022,1,1,1,1,1,1
11/06/2022,1,1,1,1,1,1
11/06/2022,1,1,1,1,1,1
11/06/2022,1,1,1,1,1,1
11/06/2022,1,1,1,1,1,1
11/06/2022,1,1,1,1,1,1
11/06/2023,1,1,1,1,1,1
11/06/2023,1,1,5501,1,1,1
11/06/2023,1,1,1,1,219,1
11/06/2023,1,1,1,1,1,1
11/06/2023,1,1,1,1,1,1
11/06/2023,14,1,1,1,1,1
11/06/2024,1,1,1,1,248,1
11/06/2024,1,1,1,1,1,1
11/06/2024,1,1,1,1,1,1
11/06/2024,1,1,172,1,1,1
11/06/2024,5,1,1,1,1,1
11/06/2024,1,1,1,1,1,1
11/07/2022,1,1,1,1,1,1
11/07/2022,1,1,1,1,1,1
11/07/2022,1,1,1,1,1,1
11/07/2022,1,1,1,1,1,1
11/07/2022,1,1,1,1,1,1
11/07/2022,1,1,1,1,1,1
11/07/2023,1,1,1,1,1,1
11/07/2023,1,1,1,1,1,1
11/07/2023,1,1,5493,1,1,1
11/07/2023,1,1,1,1,569,1
11/07/2023,1,1,1,1,1,1
11/07/2023,80,1,1,1,1,1
11/07/2024,1,1,1,1,1,1
11/07/2024,1,1,1,1,1,1
11/07/2024,1,1,1,1,302,1
11/07/2024,1,1,1,1,1,1
11/07/2024,54,1,1,1,1,1
11/07/2024,1,1,3821,1,1,1
11/08/2022,1,1,1,1,1,1
11/08/2022,1,1,1,1,1,1
11/08/2022,1,1,1,1,1,1
11/08/2022,1,1,1,1,1,1
11/08/2022,1,1,1,1,1,1
11/08/2022,1,1,1,1,1,1
11/08/2023,1,1,1,1,518,1
11/08/2023,1,1,1,1,1,1
11/08/2023,1,1,1,1,1,1
11/08/2023,69,1,1,1,1,1
11/08/2023,1,1,1,1,1,1
11/08/2023,1,1,2776,1,1,1
11/08/2024,1,1,1,1,1,1
11/08/2024,1,1,1,1,1,1
11/08/2024,111,1,1,1,1,1
11/08/2024,1,1,2723,1,1,1
11/08/2024,1,1,1,1,1,1
11/08/2024,1,1,1,1,371,1
11/09/2022,1,1,1,1,1,1
11/09/2022,1,1,1,1,1,1
11/09/2022,1,1,1,1,1,1
11/09/2022,1,1,1,1,1,1
11/09/2022,1,1,1,1,1,1
11/09/2022,1,1,1,1,1,1
11/09/2023,1,1,1,1,1,1
11/09/2023,1,1,1691,1,1,1
11/09/2023,1,1,1,1,1,1
11/09/2023,51,1,1,1,1,1
11/09/2023,1,1,1,1,158,1
11/09/2023,1,1,1,1,1,1
11/09/2024,1,1,1,1,1,1
11/09/2024,1,1,1,1,1,1
11/09/2024,1,1,354,1,1,1
11/09/2024,1,1,1,1,142,1
11/09/2024,1,1,1,1,1,1
11/09/2024,7,1,1,1,1,1
11/10/2022,1,1,1,1,1,1
11/10/2022,1,1,1,1,1,1
11/10/2022,1,1,1,1,1,1
11/10/2022,1,1,1,1,1,1
11/10/2022,1,1,1,1,1,1
11/10/2022,1,1,1,1,1,1
11/10/2023,1,1,1,1,83,1
11/10/2023,1,1,1,1,1,1
11/10/2023,17,1,1,1,1,1
11/10/2023,1,1,1,1,1,1
11/10/2023,1,1,1,1,1,1
11/10/2023,1,1,352,1,1,1
11/10/2024,1,1,1,1,1,1
11/10/2024,1,1,1582,1,1,1
11/10/2024,1,1,1,1,1,1
11/10/2024,1,1,1,1,127,1
11/10/2024,1,1,1,302,1,1
11/10/2024,66,1,1,1,1,1
11/11/2022,1,1,1,1,1,1
11/11/2022,1,1,1,1,1,1
11/11/2022,1,1,1,1,1,1
11/11/2022,1,1,1,1,1,1
11/11/2022,1,1,1,1,1,1
11/11/2022,1,1,1,1,1,1
11/11/2023,1,1,1,1,1,1
11/11/2023,1,1,3893,1,1,1
11/11/2023,29,1,1,1,1,1
11/11/2023,1,1,1,1,1,1
11/11/2023,1,1,1,1,142,1
11/11/2023,1,1,1,1,1,1
11/11/2024,1,1,1,639,1,1
11/11/2024,5,1,1,1,1,1
11/11/2024,1,1,418,1,1,1
11/11/2024,1,1,1,1,1,1
11/11/2024,1,1,1,1,71,1
11/11/2024,1,1,1,1,1,1
11/12/2022,1,1,1,1,1,1
11/12/2022,1,1,1,1,1,1
11/12/2022,1,1,1,1,1,1
11/12/2022,1,1,1,1,1,1
11/12/2022,1,1,1,1,1,1
11/12/2022,1,1,1,1,1,1
11/12/2023,1,1,1,1,127,1
11/12/2023,1,1,1,1,1,1
11/12/2023,1,1,1,1,1,1
11/12/2023,1,1,1,1,1,1
11/12/2023,1,1,1115,1,1,1
11/12/2023,13,1,1,1,1,1
11/12/2024,1,1,1,1,1,1
11/12/2024,2,1,1,1,1,1
11/12/2024,1,1,6765,1,1,1
11/12/2024,1,1,1,1,1,1
11/12/2024,1,1,1,1,181,1
11/12/2024,1,1,1,632,1,1
12/01/2023,1,1,1,1,1,1
12/01/2023,1,1,1,1,1,1
12/01/2023,1,1,1,1,1,1
12/01/2023,1,1,1,1,1,1
12/01/2023,1,1,1,1,1,1
12/01/2023,1,1,1,1,1,1
12/01/2024,1,1,1,1,1,1
12/01/2024,1,1,1,1,1,1
12/01/2024,1,1,1,1,161,1
12/01/2024,24,1,1,1,1,1
12/01/2024,1,1,1,1,1,1
12/01/2024,1,1,993,1,1,1
12/02/2022,1,1,1,1,1,1
12/02/2022,1,1,1,1,1,1
12/02/2022,1,1,1,1,1,1
12/02/2022,1,1,1,1,1,1
12/02/2022,1,1,1,1,1,1
12/02/2022,1,1,1,1,1,1
12/02/2023,1,1,1,1,1,1
12/02/2023,1,1,1,1,1,1
12/02/2023,1,1,1,1,1,1
12/02/2023,1,1,1,1,1,1
12/02/2023,1,1,1,1,1,1
12/02/2023,1,1,1,1,1,1
12/02/2024,1,1,1,1,1,1
12/02/2024,1,1,1,1,1,1
12/02/2024,1,1,1,1,1,1
12/02/2024,1,1,1242,1,1,1
12/02/2024,1,1,1,1,1,1
12/02/2024,1,1,1,1,196,1
12/03/2022,1,1,1,1,1,1
12/03/2022,1,1,1,1,1,1
12/03/2022,1,1,1,1,1,1
12/03/2022,1,1,1,1,1,1
12/03/2022,1,1,1,1,1,1
12/03/2022,1,1,1,1,1,1
12/03/2023,1,1,16573,1,1,1
12/03/2023,1,1,1,1,1,1
12/03/2023,1,1,1,1,1,1
12/03/2023,30,1,1,1,1,1
12/03/2023,1,1,1,1,1,1
12/03/2023,1,1,1,1,345,1
12/03/2024,20,1,1,1,1,1
12/03/2024,1,1,1,1,1,1
12/03/2024,1,1,1,1,113,1
12/03/2024,1,1,1,1,1,1
12/03/2024,1,1,1,1,1,1
12/03/2024,1,1,1855,1,1,1
12/04/2022,1,1,1,1,1,1
12/04/2022,1,1,1,1,1,1
12/04/2022,1,1,1,1,1,1
12/04/2022,1,1,1,1,1,1
12/04/2022,1,1,1,1,1,1
12/04/2022,1,1,1,1,1,1
12/04/2023,1,1,1,1,1,1
12/04/2023,1,1,1,1,1,1
12/04/2023,1,1,1,1,1,1
12/04/2023,1,1,1,1,239,1
12/04/2023,32,1,1,1,1,1
12/04/2023,1,1,3860,1,1,1
12/04/2024,1,1,1026,1,1,1
12/04/2024,1,1,1,1,1,1
12/04/2024,25,1,1,1,1,1
12/04/2024,1,1,1,1,1,1
12/04/2024,1,1,1,1,1,1
12/04/2024,1,1,1,1,2344,1
12/05/2022,1,1,1,1,1,1
12/05/2022,1,1,1,1,1,1
12/05/2022,1,1,1,1,1,1
12/05/2022,1,1,1,1,1,1
12/05/2022,1,1,1,1,1,1
12/05/2022,1,1,1,1,1,1
12/05/2023,1,1,2167,1,1,1
12/05/2023,1,1,1,1,182,1
12/05/2023,1,1,1,1,1,1
12/05/2023,1,1,1,1,1,1
12/05/2023,1,1,1,1,1,1
12/05/2023,7,1,1,1,1,1
12/05/2024,1,1,6741,1,1,1
12/05/2024,8,1,1,1,1,1
12/05/2024,1,1,1,1,1,1
12/05/2024,1,1,1,1,1,1
12/05/2024,1,1,1,1,283,1
12/05/2024,1,1,1,1,1,1
12/06/2022,1,1,1,1,1,1
12/06/2022,1,1,1,1,1,1
12/06/2022,1,1,1,1,1,1
12/06/2022,1,1,1,1,1,1
12/06/2022,1,1,1,1,1,1
12/06/2022,1,1,1,1,1,1
12/06/2023,84,1,1,1,1,1
12/06/2023,1,1,1,1,1,1
12/06/2023,1,1,1,1,233,1
12/06/2023,1,1,1,1,1,1
12/06/2023,1,1,1,1,1,1
12/06/2023,1,1,3081,1,1,1
12/06/2024,1,1,1,1,1,1
12/06/2024,1,1,1,1,143,1
12/06/2024,6,1,1,1,1,1
12/06/2024,1,1,348,1,1,1
12/06/2024,1,1,1,1,1,1
12/06/2024,1,1,1,1,1,1
12/07/2022,1,1,1,1,1,1
12/07/2022,1,1,1,1,1,1
12/07/2022,1,1,1,1,1,1
12/07/2022,1,1,1,1,1,1
12/07/2022,1,1,1,1,1,1
12/07/2022,1,1,1,1,1,1
12/07/2023,1,1,1,1,1,1
12/07/2023,1,1,1,1,495,1
12/07/2023,1,1,1,1,1,1
12/07/2023,1,1,3900,1,1,1
12/07/2023,45,1,1,1,1,1
12/07/2023,1,1,1,1,1,1
12/07/2024,1,1,1,1,403,1
12/07/2024,1,1,1,1,1,1
12/07/2024,1,1,1,1,1,1
12/07/2024,1,1,2030,1,1,1
12/07/2024,46,1,1,1,1,1
12/07/2024,1,1,1,1,1,1
12/08/2022,1,1,1,1,1,1
12/08/2022,1,1,1,1,1,1
12/08/2022,1,1,1,1,1,1
12/08/2022,1,1,1,1,1,1
12/08/2022,1,1,1,1,1,1
12/08/2022,1,1,1,1,1,1
12/08/2023,1,1,1,1,1,1
12/08/2023,1,1,1,1,1,1
12/08/2023,1,1,1,1,1,1
12/08/2023,1,1,1,1,516,1
12/08/2023,50,1,1,1,1,1
12/08/2023,1,1,1666,1,1,1
12/08/2024,1,1,1,1,410,1
12/08/2024,85,1,1,1,1,1
12/08/2024,1,1,1,1,1,1
12/08/2024,1,1,1,1,1,1
12/08/2024,1,1,2115,1,1,1
12/08/2024,1,1,1,1,1,1
12/09/2022,1,1,1,1,1,1
12/09/2022,1,1,1,1,1,1
12/09/2022,1,1,1,1,1,1
12/09/2022,1,1,1,1,1,1
12/09/2022,1,1,1,1,1,1
12/09/2022,1,1,1,1,1,1
12/09/2023,1,1,1414,1,1,1
12/09/2023,1,1,1,1,1,1
12/09/2023,1,1,1,1,182,1
12/09/2023,1,1,1,1,1,1
12/09/2023,60,1,1,1,1,1
12/09/2023,1,1,1,1,1,1
12/09/2024,1,1,1,1,1,1
12/09/2024,7,1,1,1,1,1
12/09/2024,1,1,1,1,1,1
12/09/2024,1,1,1,1,1,1
12/09/2024,1,1,233,1,1,1
12/09/2024,1,1,1,1,133,1
12/10/2022,1,1,1,1,1,1
12/10/2022,1,1,1,1,1,1
12/10/2022,1,1,1,1,1,1
12/10/2022,1,1,1,1,1,1
12/10/2022,1,1,1,1,1,1
12/10/2022,1,1,1,1,1,1
12/10/2023,1,1,409,1,1,1
12/10/2023,1,1,1,1,1,1
12/10/2023,1,1,1,1,1,1
12/10/2023,1,1,1,1,94,1
12/10/2023,1,1,1,1,1,1
12/10/2023,21,1,1,1,1,1
12/10/2024,1,1,706,1,1,1
12/10/2024,1,1,1,326,1,1
12/10/2024,1,1,1,1,1,1
12/10/2024,23,1,1,1,1,1
12/10/2024,1,1,1,1,1,1
12/10/2024,1,1,1,1,73,1
12/11/2022,1,1,1,1,1,1
12/11/2022,1,1,1,1,1,1
12/11/2022,1,1,1,1,1,1
12/11/2022,1,1,1,1,1,1
12/11/2022,1,1,1,1,1,1
12/11/2022,1,1,1,1,1,1
12/11/2023,1,1,1,1,1,1
12/11/2023,1,1,2867,1,1,1
12/11/2023,1,1,1,1,1,1
12/11/2023,1,1,1,1,95,1
12/11/2023,29,1,1,1,1,1
12/11/2023,1,1,1,1,1,1
12/11/2024,1,1,534,1,1,1
12/11/2024,32,1,1,1,1,1
12/11/2024,1,1,1,1394,1,1
12/11/2024,1,1,1,1,1,1
12/11/2024,1,1,1,1,146,1
12/11/2024,1,1,1,1,1,1
12/12/2022,1,1,1,1,1,1
12/12/2022,1,1,1,1,1,1
12/12/2022,1,1,1,1,1,1
12/12/2022,1,1,1,1,1,1
12/12/2022,1,1,1,1,1,1
12/12/2022,1,1,1,1,1,1
12/12/2023,1,1,1,1,1,1
12/12/2023,1,1,7462,1,1,1
12/12/2023,1,1,1,1,1,1
12/12/2023,115,1,1,1,1,1
12/12/2023,1,1,1,1,1,1
12/12/2023,1,1,1,1,193,1
12/12/2024,1,1,1,1,1,1
12/12/2024,1,1,1,1,117,1
12/12/2024,1,1,4068,1,1,1
12/12/2024,1,1,1,246,1,1
12/12/2024,1,1,1,1,1,1
12/12/2024,1,1,1,1,1,1
