Date,Views
2/4/2022,0
2/5/2022,0
2/6/2022,0
2/7/2022,0
2/8/2022,0
2/9/2022,0
2/10/2022,0
2/11/2022,0
2/12/2022,0
2/13/2022,0
2/14/2022,0
2/15/2022,0
2/16/2022,0
2/17/2022,0
2/18/2022,0
2/19/2022,0
2/20/2022,0
2/21/2022,0
2/22/2022,0
2/23/2022,0
2/24/2022,0
2/25/2022,0
2/26/2022,0
2/27/2022,0
2/28/2022,0
3/1/2022,0
3/2/2022,0
3/3/2022,0
3/4/2022,0
3/5/2022,0
3/6/2022,0
3/7/2022,0
3/8/2022,0
3/9/2022,0
3/10/2022,0
3/11/2022,0
3/12/2022,0
3/13/2022,0
3/14/2022,0
3/15/2022,0
3/16/2022,0
3/17/2022,0
3/18/2022,0
3/19/2022,0
3/20/2022,0
3/21/2022,0
3/22/2022,0
3/23/2022,0
3/24/2022,0
3/25/2022,0
3/26/2022,0
3/27/2022,0
3/28/2022,0
3/29/2022,0
3/30/2022,0
3/31/2022,0
4/1/2022,0
4/2/2022,0
4/3/2022,0
4/4/2022,0
4/5/2022,0
4/6/2022,0
4/7/2022,0
4/8/2022,0
4/9/2022,0
4/10/2022,0
4/11/2022,0
4/12/2022,0
4/13/2022,0
4/14/2022,0
4/15/2022,0
4/16/2022,0
4/17/2022,0
4/18/2022,0
4/19/2022,0
4/20/2022,0
4/21/2022,0
4/22/2022,0
4/23/2022,0
4/24/2022,0
4/25/2022,0
4/26/2022,0
4/27/2022,0
4/28/2022,0
4/29/2022,0
4/30/2022,0
5/1/2022,0
5/2/2022,0
5/3/2022,0
5/4/2022,0
5/5/2022,0
5/6/2022,0
5/7/2022,0
5/8/2022,0
5/9/2022,0
5/10/2022,0
5/11/2022,0
5/12/2022,0
5/13/2022,0
5/14/2022,0
5/15/2022,0
5/16/2022,0
5/17/2022,0
5/18/2022,0
5/19/2022,0
5/20/2022,0
5/21/2022,0
5/22/2022,0
5/23/2022,0
5/24/2022,0
5/25/2022,0
5/26/2022,0
5/27/2022,0
5/28/2022,0
5/29/2022,0
5/30/2022,0
5/31/2022,0
6/1/2022,0
6/2/2022,0
6/3/2022,0
6/4/2022,0
6/5/2022,0
6/6/2022,0
6/7/2022,0
6/8/2022,0
6/9/2022,0
6/10/2022,0
6/11/2022,0
6/12/2022,0
6/13/2022,0
6/14/2022,0
6/15/2022,0
6/16/2022,0
6/17/2022,0
6/18/2022,0
6/19/2022,0
6/20/2022,0
6/21/2022,0
6/22/2022,0
6/23/2022,0
6/24/2022,0
6/25/2022,0
6/26/2022,0
6/27/2022,0
6/28/2022,0
6/29/2022,0
6/30/2022,0
7/1/2022,0
7/2/2022,0
7/3/2022,0
7/4/2022,0
7/5/2022,0
7/6/2022,0
7/7/2022,0
7/8/2022,0
7/9/2022,0
7/10/2022,0
7/11/2022,0
7/12/2022,0
7/13/2022,0
7/14/2022,0
7/15/2022,0
7/16/2022,0
7/17/2022,0
7/18/2022,0
7/19/2022,0
7/20/2022,0
7/21/2022,0
7/22/2022,0
7/23/2022,0
7/24/2022,0
7/25/2022,0
7/26/2022,0
7/27/2022,0
7/28/2022,0
7/29/2022,0
7/30/2022,0
7/31/2022,0
8/1/2022,0
8/2/2022,0
8/3/2022,0
8/4/2022,0
8/5/2022,0
8/6/2022,0
8/7/2022,0
8/8/2022,0
8/9/2022,0
8/10/2022,0
8/11/2022,0
8/12/2022,0
8/13/2022,0
8/14/2022,0
8/15/2022,0
8/16/2022,0
8/17/2022,0
8/18/2022,0
8/19/2022,0
8/20/2022,0
8/21/2022,0
8/22/2022,0
8/23/2022,0
8/24/2022,0
8/25/2022,0
8/26/2022,0
8/27/2022,0
8/28/2022,0
8/29/2022,0
8/30/2022,0
8/31/2022,0
9/1/2022,0
9/2/2022,0
9/3/2022,0
9/4/2022,0
9/5/2022,0
9/6/2022,0
9/7/2022,0
9/8/2022,0
9/9/2022,0
9/10/2022,0
9/11/2022,0
9/12/2022,0
9/13/2022,0
9/14/2022,0
9/15/2022,0
9/16/2022,0
9/17/2022,0
9/18/2022,0
9/19/2022,0
9/20/2022,0
9/21/2022,0
9/22/2022,0
9/23/2022,0
9/24/2022,0
9/25/2022,0
9/26/2022,0
9/27/2022,0
9/28/2022,0
9/29/2022,0
9/30/2022,0
10/1/2022,0
10/2/2022,0
10/3/2022,0
10/4/2022,0
10/5/2022,0
10/6/2022,0
10/7/2022,0
10/8/2022,0
10/9/2022,0
10/10/2022,0
10/11/2022,0
10/12/2022,0
10/13/2022,0
10/14/2022,0
10/15/2022,0
10/16/2022,0
10/17/2022,0
10/18/2022,0
10/19/2022,0
10/20/2022,0
10/21/2022,0
10/22/2022,0
10/23/2022,0
10/24/2022,0
10/25/2022,0
10/26/2022,0
10/27/2022,0
10/28/2022,0
10/29/2022,0
10/30/2022,0
10/31/2022,0
11/1/2022,0
11/2/2022,0
11/3/2022,0
11/4/2022,0
11/5/2022,0
11/6/2022,0
11/7/2022,0
11/8/2022,0
11/9/2022,0
11/10/2022,0
11/11/2022,0
11/12/2022,0
11/13/2022,0
11/14/2022,0
11/15/2022,0
11/16/2022,0
11/17/2022,0
11/18/2022,0
11/19/2022,0
11/20/2022,0
11/21/2022,0
11/22/2022,0
11/23/2022,0
11/24/2022,0
11/25/2022,0
11/26/2022,0
11/27/2022,0
11/28/2022,0
11/29/2022,0
11/30/2022,0
12/1/2022,0
12/2/2022,0
12/3/2022,0
12/4/2022,0
12/5/2022,0
12/6/2022,0
12/7/2022,0
12/8/2022,0
12/9/2022,0
12/10/2022,0
12/11/2022,0
12/12/2022,0
12/13/2022,0
12/14/2022,0
12/15/2022,0
12/16/2022,0
12/17/2022,0
12/18/2022,0
12/19/2022,0
12/20/2022,0
12/21/2022,0
12/22/2022,0
12/23/2022,0
12/24/2022,0
12/25/2022,0
12/26/2022,0
12/27/2022,0
12/28/2022,0
12/29/2022,0
12/30/2022,0
12/31/2022,0
1/1/2023,0
1/2/2023,0
1/3/2023,0
1/4/2023,0
1/5/2023,0
1/6/2023,0
1/7/2023,0
1/8/2023,0
1/9/2023,0
1/10/2023,0
1/11/2023,0
1/12/2023,0
1/13/2023,0
1/14/2023,0
1/15/2023,0
1/16/2023,0
1/17/2023,0
1/18/2023,0
1/19/2023,0
1/20/2023,0
1/21/2023,0
1/22/2023,0
1/23/2023,0
1/24/2023,0
1/25/2023,0
1/26/2023,0
1/27/2023,0
1/28/2023,0
1/29/2023,0
1/30/2023,0
1/31/2023,0
2/1/2023,0
2/2/2023,0
2/3/2023,0
2/4/2023,0
2/5/2023,0
2/6/2023,0
2/7/2023,0
2/8/2023,0
2/9/2023,0
2/10/2023,0
2/11/2023,0
2/12/2023,0
2/13/2023,0
2/14/2023,0
2/15/2023,0
2/16/2023,0
2/17/2023,0
2/18/2023,0
2/19/2023,0
2/20/2023,0
2/21/2023,0
2/22/2023,0
2/23/2023,0
2/24/2023,0
2/25/2023,0
2/26/2023,0
2/27/2023,0
2/28/2023,0
3/1/2023,0
3/2/2023,0
3/3/2023,0
3/4/2023,0
3/5/2023,0
3/6/2023,0
3/7/2023,0
3/8/2023,0
3/9/2023,0
3/10/2023,0
3/11/2023,0
3/12/2023,0
3/13/2023,0
3/14/2023,0
3/15/2023,0
3/16/2023,0
3/17/2023,0
3/18/2023,0
3/19/2023,0
3/20/2023,0
3/21/2023,0
3/22/2023,0
3/23/2023,0
3/24/2023,0
3/25/2023,0
3/26/2023,0
3/27/2023,0
3/28/2023,0
3/29/2023,0
3/30/2023,0
3/31/2023,0
4/1/2023,0
4/2/2023,0
4/3/2023,0
4/4/2023,0
4/5/2023,0
4/6/2023,0
4/7/2023,0
4/8/2023,0
4/9/2023,0
4/10/2023,0
4/11/2023,0
4/12/2023,0
4/13/2023,0
4/14/2023,0
4/15/2023,0
4/16/2023,0
4/17/2023,0
4/18/2023,0
4/19/2023,0
4/20/2023,0
4/21/2023,0
4/22/2023,0
4/23/2023,0
4/24/2023,0
4/25/2023,0
4/26/2023,0
4/27/2023,0
4/28/2023,0
4/29/2023,0
4/30/2023,0
5/1/2023,0
5/2/2023,0
5/3/2023,0
5/4/2023,0
5/5/2023,0
5/6/2023,0
5/7/2023,0
5/8/2023,0
5/9/2023,0
5/10/2023,0
5/11/2023,0
5/12/2023,0
5/13/2023,0
5/14/2023,0
5/15/2023,0
5/16/2023,0
5/17/2023,0
5/18/2023,0
5/19/2023,0
5/20/2023,0
5/21/2023,0
5/22/2023,0
5/23/2023,0
5/24/2023,0
5/25/2023,0
5/26/2023,0
5/27/2023,0
5/28/2023,0
5/29/2023,0
5/30/2023,0
5/31/2023,0
6/1/2023,0
6/2/2023,0
6/3/2023,0
6/4/2023,0
6/5/2023,0
6/6/2023,0
6/7/2023,0
6/8/2023,0
6/9/2023,0
6/10/2023,0
6/11/2023,0
6/12/2023,0
6/13/2023,0
6/14/2023,0
6/15/2023,0
6/16/2023,0
6/17/2023,0
6/18/2023,0
6/19/2023,0
6/20/2023,0
6/21/2023,0
6/22/2023,0
6/23/2023,0
6/24/2023,0
6/25/2023,0
6/26/2023,0
6/27/2023,0
6/28/2023,0
6/29/2023,0
6/30/2023,0
7/1/2023,0
7/2/2023,0
7/3/2023,0
7/4/2023,0
7/5/2023,0
7/6/2023,0
7/7/2023,0
7/8/2023,0
7/9/2023,0
7/10/2023,0
7/11/2023,0
7/12/2023,0
7/13/2023,0
7/14/2023,0
7/15/2023,0
7/16/2023,0
7/17/2023,0
7/18/2023,0
7/19/2023,0
7/20/2023,0
7/21/2023,0
7/22/2023,0
7/23/2023,0
7/24/2023,0
7/25/2023,0
7/26/2023,0
7/27/2023,0
7/28/2023,0
7/29/2023,0
7/30/2023,0
7/31/2023,0
8/1/2023,0
8/2/2023,0
8/3/2023,0
8/4/2023,0
8/5/2023,0
8/6/2023,0
8/7/2023,0
8/8/2023,0
8/9/2023,0
8/10/2023,0
8/11/2023,0
8/12/2023,0
8/13/2023,0
8/14/2023,0
8/15/2023,0
8/16/2023,0
8/17/2023,0
8/18/2023,0
8/19/2023,0
8/20/2023,0
8/21/2023,0
8/22/2023,0
8/23/2023,0
8/24/2023,0
8/25/2023,0
8/26/2023,0
8/27/2023,0
8/28/2023,0
8/29/2023,0
8/30/2023,0
8/31/2023,0
9/1/2023,0
9/2/2023,0
9/3/2023,0
9/4/2023,0
9/5/2023,0
9/6/2023,0
9/7/2023,0
9/8/2023,0
9/9/2023,0
9/10/2023,0
9/11/2023,0
9/12/2023,0
9/13/2023,0
9/14/2023,0
9/15/2023,0
9/16/2023,0
9/17/2023,0
9/18/2023,0
9/19/2023,0
9/20/2023,0
9/21/2023,0
9/22/2023,0
9/23/2023,0
9/24/2023,0
9/25/2023,0
9/26/2023,0
9/27/2023,0
9/28/2023,0
9/29/2023,0
9/30/2023,0
10/1/2023,0
10/2/2023,0
10/3/2023,0
10/4/2023,0
10/5/2023,0
10/6/2023,0
10/7/2023,0
10/8/2023,0
10/9/2023,0
10/10/2023,0
10/11/2023,0
10/12/2023,0
10/13/2023,0
10/14/2023,0
10/15/2023,0
10/16/2023,0
10/17/2023,0
10/18/2023,0
10/19/2023,0
10/20/2023,0
10/21/2023,0
10/22/2023,0
10/23/2023,0
10/24/2023,0
10/25/2023,0
10/26/2023,0
10/27/2023,0
10/28/2023,0
10/29/2023,0
10/30/2023,0
10/31/2023,0
11/1/2023,0
11/2/2023,0
11/3/2023,0
11/4/2023,0
11/5/2023,0
11/6/2023,0
11/7/2023,0
11/8/2023,0
11/9/2023,0
11/10/2023,0
11/11/2023,0
11/12/2023,0
11/13/2023,0
11/14/2023,0
11/15/2023,0
11/16/2023,0
11/17/2023,0
11/18/2023,0
11/19/2023,0
11/20/2023,0
11/21/2023,0
11/22/2023,0
11/23/2023,0
11/24/2023,0
11/25/2023,0
11/26/2023,0
11/27/2023,0
11/28/2023,0
11/29/2023,0
11/30/2023,0
12/1/2023,0
12/2/2023,0
12/3/2023,0
12/4/2023,0
12/5/2023,0
12/6/2023,0
12/7/2023,0
12/8/2023,0
12/9/2023,0
12/10/2023,0
12/11/2023,0
12/12/2023,0
12/13/2023,0
12/14/2023,0
12/15/2023,0
12/16/2023,0
12/17/2023,0
12/18/2023,0
12/19/2023,0
12/20/2023,0
12/21/2023,0
12/22/2023,0
12/23/2023,0
12/24/2023,0
12/25/2023,0
12/26/2023,0
12/27/2023,0
12/28/2023,0
12/29/2023,0
12/30/2023,0
12/31/2023,0
1/1/2024,0
1/2/2024,0
1/3/2024,0
1/4/2024,0
1/5/2024,0
1/6/2024,0
1/7/2024,0
1/8/2024,0
1/9/2024,0
1/10/2024,0
1/11/2024,0
1/12/2024,0
1/13/2024,0
1/14/2024,0
1/15/2024,0
1/16/2024,0
1/17/2024,0
1/18/2024,0
1/19/2024,0
1/20/2024,0
1/21/2024,0
1/22/2024,0
1/23/2024,0
1/24/2024,0
1/25/2024,0
1/26/2024,0
1/27/2024,0
1/28/2024,0
1/29/2024,0
1/30/2024,0
1/31/2024,0
2/1/2024,0
2/2/2024,0
2/3/2024,0
2/4/2024,0
2/5/2024,0
2/6/2024,0
2/7/2024,0
2/8/2024,0
2/9/2024,0
2/10/2024,0
2/11/2024,0
2/12/2024,0
2/13/2024,0
2/14/2024,0
2/15/2024,0
2/16/2024,0
2/17/2024,0
2/18/2024,0
2/19/2024,0
2/20/2024,0
2/21/2024,0
2/22/2024,0
2/23/2024,0
2/24/2024,0
2/25/2024,0
2/26/2024,0
2/27/2024,0
2/28/2024,0
2/29/2024,0
3/1/2024,0
3/2/2024,0
3/3/2024,0
3/4/2024,0
3/5/2024,0
3/6/2024,0
3/7/2024,0
3/8/2024,0
3/9/2024,0
3/10/2024,0
3/11/2024,0
3/12/2024,0
3/13/2024,0
3/14/2024,0
3/15/2024,0
3/16/2024,0
3/17/2024,0
3/18/2024,0
3/19/2024,0
3/20/2024,0
3/21/2024,0
3/22/2024,0
3/23/2024,0
3/24/2024,0
3/25/2024,0
3/26/2024,0
3/27/2024,0
3/28/2024,0
3/29/2024,0
3/30/2024,0
3/31/2024,0
4/1/2024,0
4/2/2024,0
4/3/2024,0
4/4/2024,0
4/5/2024,0
4/6/2024,0
4/7/2024,0
4/8/2024,0
4/9/2024,0
4/10/2024,0
4/11/2024,0
4/12/2024,0
4/13/2024,0
4/14/2024,0
4/15/2024,0
4/16/2024,0
4/17/2024,0
4/18/2024,0
4/19/2024,0
4/20/2024,0
4/21/2024,0
4/22/2024,0
4/23/2024,0
4/24/2024,0
4/25/2024,0
4/26/2024,0
4/27/2024,0
4/28/2024,0
4/29/2024,0
4/30/2024,0
5/1/2024,0
5/2/2024,0
5/3/2024,0
5/4/2024,0
5/5/2024,0
5/6/2024,0
5/7/2024,0
5/8/2024,0
5/9/2024,0
5/10/2024,0
5/11/2024,0
5/12/2024,0
5/13/2024,0
5/14/2024,0
5/15/2024,0
5/16/2024,0
5/17/2024,0
5/18/2024,0
5/19/2024,0
5/20/2024,0
5/21/2024,0
5/22/2024,0
5/23/2024,0
5/24/2024,0
5/25/2024,0
5/26/2024,0
5/27/2024,0
5/28/2024,0
5/29/2024,0
5/30/2024,0
5/31/2024,0
6/1/2024,0
6/2/2024,0
6/3/2024,0
6/4/2024,0
6/5/2024,0
6/6/2024,0
6/7/2024,0
6/8/2024,0
6/9/2024,0
6/10/2024,0
6/11/2024,0
6/12/2024,0
6/13/2024,0
6/14/2024,0
6/15/2024,0
6/16/2024,0
6/17/2024,0
6/18/2024,0
6/19/2024,0
6/20/2024,0
6/21/2024,0
6/22/2024,0
6/23/2024,0
6/24/2024,0
6/25/2024,0
6/26/2024,0
6/27/2024,0
6/28/2024,0
6/29/2024,0
6/30/2024,0
7/1/2024,0
7/2/2024,0
7/3/2024,0
7/4/2024,0
7/5/2024,0
7/6/2024,0
7/7/2024,0
7/8/2024,0
7/9/2024,0
7/10/2024,0
7/11/2024,0
7/12/2024,0
7/13/2024,0
7/14/2024,0
7/15/2024,0
7/16/2024,0
7/17/2024,0
7/18/2024,0
7/19/2024,0
7/20/2024,0
7/21/2024,0
7/22/2024,0
7/23/2024,0
7/24/2024,0
7/25/2024,0
7/26/2024,0
7/27/2024,0
7/28/2024,0
7/29/2024,0
7/30/2024,0
7/31/2024,0
8/1/2024,0
8/2/2024,0
8/3/2024,0
8/4/2024,0
8/5/2024,0
8/6/2024,0
8/7/2024,0
8/8/2024,0
8/9/2024,0
8/10/2024,0
8/11/2024,0
8/12/2024,0
8/13/2024,0
8/14/2024,0
8/15/2024,0
8/16/2024,0
8/17/2024,0
8/18/2024,0
8/19/2024,0
8/20/2024,0
8/21/2024,0
8/22/2024,0
8/23/2024,0
8/24/2024,0
8/25/2024,0
8/26/2024,0
8/27/2024,0
8/28/2024,0
8/29/2024,0
8/30/2024,0
8/31/2024,0
9/1/2024,0
9/2/2024,0
9/3/2024,0
9/4/2024,0
9/5/2024,0
9/6/2024,0
9/7/2024,0
9/8/2024,0
9/9/2024,0
9/10/2024,0
9/11/2024,0
9/12/2024,0
9/13/2024,0
9/14/2024,0
9/15/2024,0
9/16/2024,0
9/17/2024,0
9/18/2024,0
9/19/2024,0
9/20/2024,0
9/21/2024,0
9/22/2024,514
9/23/2024,168
9/24/2024,118
9/25/2024,82
9/26/2024,372
9/27/2024,250
9/28/2024,3394
9/29/2024,2555
9/30/2024,165
10/1/2024,352
10/2/2024,325
10/3/2024,124
10/4/2024,307
10/5/2024,219
10/6/2024,382
10/7/2024,283
10/8/2024,166
10/9/2024,286
10/10/2024,266
10/11/2024,302
10/12/2024,326
10/13/2024,194
10/14/2024,146
10/15/2024,216
10/16/2024,105
10/17/2024,1286
10/18/2024,436
10/19/2024,595
10/20/2024,229
10/21/2024,189
10/22/2024,170
10/23/2024,95
10/24/2024,195
10/25/2024,302
10/26/2024,238
10/27/2024,411
10/28/2024,279
10/29/2024,292
10/30/2024,300
10/31/2024,622
11/1/2024,39294
11/2/2024,82873
11/3/2024,44522
11/4/2024,375
11/5/2024,618
11/6/2024,63
11/7/2024,495
11/8/2024,134
11/9/2024,680
11/10/2024,110
11/11/2024,639
11/12/2024,1394
11/13/2024,690
11/14/2024,1307
11/15/2024,7119
11/16/2024,2435
11/17/2024,1346
11/18/2024,1924
11/19/2024,715
11/20/2024,348
11/21/2024,239
11/22/2024,329
11/23/2024,614
11/24/2024,300
11/25/2024,190
11/26/2024,250
11/27/2024,335
11/28/2024,730
11/29/2024,446
11/30/2024,61429
12/1/2024,72198
12/2/2024,83010
12/3/2024,6010
12/4/2024,127
12/5/2024,497
12/6/2024,567
12/7/2024,180
12/8/2024,455
12/9/2024,269
12/10/2024,272
12/11/2024,632
12/12/2024,246
12/13/2024,273
12/14/2024,290
12/15/2024,557
12/16/2024,386
12/17/2024,1460
12/18/2024,88910
12/19/2024,301935
12/20/2024,357923
12/21/2024,218876
12/22/2024,3229
12/23/2024,10077
12/24/2024,3634
12/25/2024,2655
12/26/2024,1934
12/27/2024,2914
12/28/2024,159253
12/29/2024,139534
12/30/2024,61000
12/31/2024,1795
1/1/2025,978
1/2/2025,1137
1/3/2025,1042
1/4/2025,308
1/5/2025,144
1/6/2025,1540
1/7/2025,1589
1/8/2025,1602
1/9/2025,1002
1/10/2025,1891
1/11/2025,493
1/12/2025,377
1/13/2025,699
1/14/2025,3216
1/15/2025,2280
1/16/2025,948
1/17/2025,299
1/18/2025,144
1/19/2025,291
1/20/2025,715
1/21/2025,831
1/22/2025,1335
1/23/2025,1763
1/24/2025,1600
1/25/2025,462
1/26/2025,367
1/27/2025,637
1/28/2025,1478
1/29/2025,929
1/30/2025,1818
1/31/2025,691
2/1/2025,304
2/2/2025,228
2/3/2025,1076
2/4/2025,3094
2/5/2025,1088
2/6/2025,1107
2/7/2025,2699
2/8/2025,731
2/9/2025,609
2/10/2025,172997
2/11/2025,205985
2/12/2025,141997
2/13/2025,277962
2/14/2025,21899
2/15/2025,953
2/16/2025,179
2/17/2025,2412
2/18/2025,1154
2/19/2025,1010
2/20/2025,1159
2/21/2025,2212
2/22/2025,275
2/23/2025,277
2/24/2025,3453
2/25/2025,4983
2/26/2025,7158
2/27/2025,7208
2/28/2025,7461
3/1/2025,1491
3/2/2025,468
3/3/2025,485
Sum of  views,2697017
