Date,visits
02/04/2022,0
02/05/2022,0
02/06/2022,0
02/07/2022,0
02/08/2022,0
02/09/2022,0
02/10/2022,0
02/11/2022,0
02/12/2022,0
02/13/2022,0
02/14/2022,0
02/15/2022,0
02/16/2022,0
02/17/2022,0
02/18/2022,0
02/19/2022,0
02/20/2022,0
02/21/2022,0
02/22/2022,0
02/23/2022,0
02/24/2022,0
02/25/2022,0
02/26/2022,0
02/27/2022,0
02/28/2022,0
03/01/2022,0
03/02/2022,0
03/03/2022,0
03/04/2022,0
03/05/2022,0
03/06/2022,0
03/07/2022,0
03/08/2022,0
03/09/2022,0
03/10/2022,0
03/11/2022,0
03/12/2022,0
03/13/2022,0
03/14/2022,0
03/15/2022,0
03/16/2022,0
03/17/2022,0
03/18/2022,0
03/19/2022,0
03/20/2022,0
03/21/2022,0
03/22/2022,0
03/23/2022,0
03/24/2022,0
03/25/2022,0
03/26/2022,0
03/27/2022,0
03/28/2022,0
03/29/2022,0
03/30/2022,0
03/31/2022,0
04/01/2022,0
04/02/2022,0
04/03/2022,0
04/04/2022,0
04/05/2022,0
04/06/2022,0
04/07/2022,0
04/08/2022,0
04/09/2022,0
04/10/2022,0
04/11/2022,0
04/12/2022,0
04/13/2022,0
04/14/2022,0
04/15/2022,0
04/16/2022,0
04/17/2022,0
04/18/2022,0
04/19/2022,0
04/20/2022,0
04/21/2022,0
04/22/2022,0
04/23/2022,0
04/24/2022,0
04/25/2022,0
04/26/2022,0
04/27/2022,0
04/28/2022,0
04/29/2022,0
04/30/2022,0
05/01/2022,0
05/02/2022,0
05/03/2022,0
05/04/2022,0
05/05/2022,0
05/06/2022,0
05/07/2022,0
05/08/2022,0
05/09/2022,0
05/10/2022,0
05/11/2022,0
05/12/2022,0
05/13/2022,0
05/14/2022,0
05/15/2022,0
05/16/2022,0
05/17/2022,0
05/18/2022,0
05/19/2022,0
05/20/2022,0
05/21/2022,0
05/22/2022,0
05/23/2022,0
05/24/2022,0
05/25/2022,0
05/26/2022,0
05/27/2022,0
05/28/2022,0
05/29/2022,0
05/30/2022,0
05/31/2022,0
06/01/2022,0
06/02/2022,0
06/03/2022,0
06/04/2022,0
06/05/2022,0
06/06/2022,0
06/07/2022,0
06/08/2022,0
06/09/2022,0
06/10/2022,0
06/11/2022,0
06/12/2022,0
06/13/2022,0
06/14/2022,0
06/15/2022,0
06/16/2022,0
06/17/2022,0
06/18/2022,0
06/19/2022,0
06/20/2022,0
06/21/2022,0
06/22/2022,0
06/23/2022,0
06/24/2022,0
06/25/2022,0
06/26/2022,0
06/27/2022,0
06/28/2022,0
06/29/2022,0
06/30/2022,0
07/01/2022,0
07/02/2022,0
07/03/2022,0
07/04/2022,0
07/05/2022,0
07/06/2022,0
07/07/2022,0
07/08/2022,0
07/09/2022,0
07/10/2022,0
07/11/2022,0
07/12/2022,0
07/13/2022,0
07/14/2022,0
07/15/2022,0
07/16/2022,0
07/17/2022,0
07/18/2022,0
07/19/2022,0
07/20/2022,0
07/21/2022,0
07/22/2022,0
07/23/2022,0
07/24/2022,0
07/25/2022,0
07/26/2022,0
07/27/2022,0
07/28/2022,0
07/29/2022,0
07/30/2022,0
07/31/2022,0
08/01/2022,0
08/02/2022,0
08/03/2022,0
08/04/2022,0
08/05/2022,0
08/06/2022,0
08/07/2022,0
08/08/2022,0
08/09/2022,0
08/10/2022,0
08/11/2022,0
08/12/2022,0
08/13/2022,0
08/14/2022,0
08/15/2022,0
08/16/2022,0
08/17/2022,0
08/18/2022,0
08/19/2022,0
08/20/2022,0
08/21/2022,0
08/22/2022,0
08/23/2022,0
08/24/2022,0
08/25/2022,0
08/26/2022,0
08/27/2022,0
08/28/2022,0
08/29/2022,0
08/30/2022,0
08/31/2022,0
09/01/2022,0
09/02/2022,0
09/03/2022,0
09/04/2022,0
09/05/2022,0
09/06/2022,0
09/07/2022,0
09/08/2022,0
09/09/2022,0
09/10/2022,0
09/11/2022,0
09/12/2022,0
09/13/2022,0
09/14/2022,0
09/15/2022,0
09/16/2022,0
09/17/2022,0
09/18/2022,0
09/19/2022,0
09/20/2022,0
09/21/2022,0
09/22/2022,0
09/23/2022,0
09/24/2022,0
09/25/2022,0
09/26/2022,0
09/27/2022,0
09/28/2022,0
09/29/2022,0
09/30/2022,0
10/01/2022,0
10/02/2022,0
10/03/2022,0
10/04/2022,0
10/05/2022,0
10/06/2022,0
10/07/2022,0
10/08/2022,0
10/09/2022,0
10/10/2022,0
10/11/2022,0
10/12/2022,0
10/13/2022,0
10/14/2022,0
10/15/2022,0
10/16/2022,0
10/17/2022,0
10/18/2022,0
10/19/2022,0
10/20/2022,0
10/21/2022,0
10/22/2022,0
10/23/2022,0
10/24/2022,0
10/25/2022,0
10/26/2022,0
10/27/2022,0
10/28/2022,0
10/29/2022,0
10/30/2022,0
10/31/2022,0
11/01/2022,0
11/02/2022,0
11/03/2022,0
11/04/2022,0
11/05/2022,0
11/06/2022,0
11/07/2022,0
11/08/2022,0
11/09/2022,0
11/10/2022,0
11/11/2022,0
11/12/2022,0
11/13/2022,0
11/14/2022,0
11/15/2022,0
11/16/2022,0
11/17/2022,0
11/18/2022,0
11/19/2022,0
11/20/2022,0
11/21/2022,0
11/22/2022,0
11/23/2022,0
11/24/2022,0
11/25/2022,0
11/26/2022,0
11/27/2022,0
11/28/2022,0
11/29/2022,0
11/30/2022,0
12/01/2022,0
12/02/2022,0
12/03/2022,0
12/04/2022,0
12/05/2022,0
12/06/2022,0
12/07/2022,0
12/08/2022,0
12/09/2022,0
12/10/2022,0
12/11/2022,0
12/12/2022,0
12/13/2022,0
12/14/2022,0
12/15/2022,0
12/16/2022,0
12/17/2022,0
12/18/2022,0
12/19/2022,0
12/20/2022,0
12/21/2022,0
12/22/2022,0
12/23/2022,0
12/24/2022,0
12/25/2022,0
12/26/2022,0
12/27/2022,0
12/28/2022,0
12/29/2022,0
12/30/2022,0
12/31/2022,0
01/01/2023,0
01/02/2023,0
01/03/2023,0
01/04/2023,0
01/05/2023,0
01/06/2023,0
01/07/2023,0
01/08/2023,0
01/09/2023,0
01/10/2023,0
01/11/2023,0
01/12/2023,0
01/13/2023,0
01/14/2023,0
01/15/2023,0
01/16/2023,0
01/17/2023,0
01/18/2023,0
01/19/2023,0
01/20/2023,0
01/21/2023,0
01/22/2023,0
01/23/2023,0
01/24/2023,0
01/25/2023,0
01/26/2023,0
01/27/2023,0
01/28/2023,0
01/29/2023,0
01/30/2023,0
01/31/2023,0
02/01/2023,0
02/02/2023,0
02/03/2023,0
02/04/2023,0
02/05/2023,0
02/06/2023,0
02/07/2023,0
02/08/2023,0
02/09/2023,0
02/10/2023,0
02/11/2023,0
02/12/2023,0
02/13/2023,0
02/14/2023,0
02/15/2023,0
02/16/2023,0
02/17/2023,0
02/18/2023,0
02/19/2023,0
02/20/2023,0
02/21/2023,0
02/22/2023,0
02/23/2023,0
02/24/2023,0
02/25/2023,0
02/26/2023,0
02/27/2023,0
02/28/2023,0
03/01/2023,0
03/02/2023,0
03/03/2023,0
03/04/2023,60
03/05/2023,105
03/06/2023,113
03/07/2023,108
03/08/2023,50
03/09/2023,241
03/10/2023,141
03/11/2023,331
03/12/2023,345
03/13/2023,295
03/14/2023,264
03/15/2023,119
03/16/2023,129
03/17/2023,163
03/18/2023,134
03/19/2023,80
03/20/2023,123
03/21/2023,125
03/22/2023,123
03/23/2023,852
03/24/2023,290
03/25/2023,121
03/26/2023,135
03/27/2023,99
03/28/2023,177
03/29/2023,170
03/30/2023,125
03/31/2023,110
04/01/2023,97
04/02/2023,150
04/03/2023,155
04/04/2023,142
04/05/2023,235
04/06/2023,323
04/07/2023,148
04/08/2023,132
04/09/2023,89
04/10/2023,104
04/11/2023,163
04/12/2023,239
04/13/2023,257
04/14/2023,199
04/15/2023,198
04/16/2023,91
04/17/2023,95
04/18/2023,141
04/19/2023,196
04/20/2023,319
04/21/2023,114
04/22/2023,115
04/23/2023,123
04/24/2023,203
04/25/2023,171
04/26/2023,152
04/27/2023,166
04/28/2023,206
04/29/2023,172
04/30/2023,181
05/01/2023,112
05/02/2023,155
05/03/2023,168
05/04/2023,192
05/05/2023,167
05/06/2023,166
05/07/2023,96
05/08/2023,104
05/09/2023,482
05/10/2023,254
05/11/2023,100
05/12/2023,182
05/13/2023,98
05/14/2023,132
05/15/2023,120
05/16/2023,229
05/17/2023,303
05/18/2023,112
05/19/2023,77
05/20/2023,179
05/21/2023,112
05/22/2023,127
05/23/2023,139
05/24/2023,98
05/25/2023,265
05/26/2023,243
05/27/2023,177
05/28/2023,122
05/29/2023,189
05/30/2023,226
05/31/2023,142
06/01/2023,64
06/02/2023,111
06/03/2023,160
06/04/2023,132
06/05/2023,197
06/06/2023,146
06/07/2023,276
06/08/2023,172
06/09/2023,191
06/10/2023,362
06/11/2023,219
06/12/2023,233
06/13/2023,233
06/14/2023,114
06/15/2023,213
06/16/2023,421
06/17/2023,205
06/18/2023,197
06/19/2023,203
06/20/2023,227
06/21/2023,337
06/22/2023,245
06/23/2023,175
06/24/2023,359
06/25/2023,416
06/26/2023,266
06/27/2023,229
06/28/2023,201
06/29/2023,336
06/30/2023,992
07/01/2023,1097
07/02/2023,670
07/03/2023,1026
07/04/2023,497
07/05/2023,653
07/06/2023,1059
07/07/2023,834
07/08/2023,958
07/09/2023,878
07/10/2023,891
07/11/2023,569
07/12/2023,495
07/13/2023,460
07/14/2023,506
07/15/2023,670
07/16/2023,716
07/17/2023,707
07/18/2023,869
07/19/2023,954
07/20/2023,596
07/21/2023,764
07/22/2023,623
07/23/2023,576
07/24/2023,795
07/25/2023,655
07/26/2023,554
07/27/2023,586
07/28/2023,652
07/29/2023,558
07/30/2023,557
07/31/2023,703
08/01/2023,656
08/02/2023,628
08/03/2023,751
08/04/2023,754
08/05/2023,605
08/06/2023,698
08/07/2023,405
08/08/2023,441
08/09/2023,372
08/10/2023,620
08/11/2023,518
08/12/2023,516
08/13/2023,504
08/14/2023,526
08/15/2023,531
08/16/2023,451
08/17/2023,459
08/18/2023,450
08/19/2023,297
08/20/2023,324
08/21/2023,307
08/22/2023,577
08/23/2023,823
08/24/2023,815
08/25/2023,788
08/26/2023,508
08/27/2023,266
08/28/2023,244
08/29/2023,349
08/30/2023,384
08/31/2023,967
09/01/2023,1143
09/02/2023,911
09/03/2023,607
09/04/2023,380
09/05/2023,245
09/06/2023,222
09/07/2023,276
09/08/2023,210
09/09/2023,225
09/10/2023,156
09/11/2023,158
09/12/2023,182
09/13/2023,114
09/14/2023,120
09/15/2023,174
09/16/2023,127
09/17/2023,77
09/18/2023,100
09/19/2023,152
09/20/2023,80
09/21/2023,86
09/22/2023,166
09/23/2023,150
09/24/2023,166
09/25/2023,125
09/26/2023,101
09/27/2023,82
09/28/2023,135
09/29/2023,112
09/30/2023,103
10/01/2023,75
10/02/2023,71
10/03/2023,97
10/04/2023,142
10/05/2023,67
10/06/2023,123
10/07/2023,109
10/08/2023,67
10/09/2023,59
10/10/2023,79
10/11/2023,83
10/12/2023,94
10/13/2023,90
10/14/2023,73
10/15/2023,50
10/16/2023,115
10/17/2023,36
10/18/2023,79
10/19/2023,63
10/20/2023,54
10/21/2023,61
10/22/2023,102
10/23/2023,64
10/24/2023,83
10/25/2023,58
10/26/2023,106
10/27/2023,90
10/28/2023,101
10/29/2023,44
10/30/2023,117
10/31/2023,70
11/01/2023,58
11/02/2023,73
11/03/2023,139
11/04/2023,71
11/05/2023,93
11/06/2023,53
11/07/2023,114
11/08/2023,133
11/09/2023,250
11/10/2023,112
11/11/2023,142
11/12/2023,95
11/13/2023,90
11/14/2023,183
11/15/2023,118
11/16/2023,76
11/17/2023,147
11/18/2023,80
11/19/2023,74
11/20/2023,94
11/21/2023,79
11/22/2023,62
11/23/2023,122
11/24/2023,196
11/25/2023,350
11/26/2023,124
11/27/2023,76
11/28/2023,81
11/29/2023,56
11/30/2023,120
12/01/2023,72
12/02/2023,63
12/03/2023,142
12/04/2023,79
12/05/2023,74
12/06/2023,113
12/07/2023,75
12/08/2023,70
12/09/2023,113
12/10/2023,124
12/11/2023,127
12/12/2023,193
12/13/2023,225
12/14/2023,223
12/15/2023,136
12/16/2023,219
12/17/2023,179
12/18/2023,279
12/19/2023,258
12/20/2023,229
12/21/2023,370
12/22/2023,589
12/23/2023,501
12/24/2023,218
12/25/2023,280
12/26/2023,556
12/27/2023,660
12/28/2023,807
12/29/2023,987
12/30/2023,1714
12/31/2023,550
01/01/2024,363
01/02/2024,215
01/03/2024,150
01/04/2024,115
01/05/2024,77
01/06/2024,107
01/07/2024,119
01/08/2024,61
01/09/2024,142
01/10/2024,118
01/11/2024,164
01/12/2024,161
01/13/2024,84
01/14/2024,79
01/15/2024,132
01/16/2024,122
01/17/2024,182
01/18/2024,79
01/19/2024,69
01/20/2024,85
01/21/2024,95
01/22/2024,104
01/23/2024,94
01/24/2024,93
01/25/2024,96
01/26/2024,150
01/27/2024,97
01/28/2024,66
01/29/2024,130
01/30/2024,138
01/31/2024,136
02/01/2024,92
02/02/2024,136
02/03/2024,111
02/04/2024,65
02/05/2024,105
02/06/2024,105
02/07/2024,83
02/08/2024,147
02/09/2024,114
02/10/2024,182
02/11/2024,68
02/12/2024,196
02/13/2024,97
02/14/2024,146
02/15/2024,168
02/16/2024,158
02/17/2024,124
02/18/2024,159
02/19/2024,177
02/20/2024,115
02/21/2024,87
02/22/2024,155
02/23/2024,74
02/24/2024,184
02/25/2024,49
02/26/2024,256
02/27/2024,167
02/28/2024,58
02/29/2024,66
03/01/2024,64
03/02/2024,55
03/03/2024,58
03/04/2024,186
03/05/2024,77
03/06/2024,91
03/07/2024,93
03/08/2024,111
03/09/2024,90
03/10/2024,75
03/11/2024,74
03/12/2024,113
03/13/2024,169
03/14/2024,263
03/15/2024,297
03/16/2024,388
03/17/2024,316
03/18/2024,186
03/19/2024,244
03/20/2024,115
03/21/2024,203
03/22/2024,581
03/23/2024,446
03/24/2024,374
03/25/2024,408
03/26/2024,218
03/27/2024,2511
03/28/2024,538
03/29/2024,223
03/30/2024,214
03/31/2024,170
04/01/2024,103
04/02/2024,85
04/03/2024,142
04/04/2024,229
04/05/2024,304
04/06/2024,368
04/07/2024,328
04/08/2024,259
04/09/2024,126
04/10/2024,117
04/11/2024,10277
04/12/2024,2344
04/13/2024,794
04/14/2024,284
04/15/2024,188
04/16/2024,71
04/17/2024,86
04/18/2024,83
04/19/2024,153
04/20/2024,57
04/21/2024,79
04/22/2024,152
04/23/2024,195
04/24/2024,74
04/25/2024,117
04/26/2024,69
04/27/2024,81
04/28/2024,73
04/29/2024,75
04/30/2024,100
05/01/2024,261
05/02/2024,145
05/03/2024,121
05/04/2024,133
05/05/2024,134
05/06/2024,90
05/07/2024,74
05/08/2024,105
05/09/2024,342
05/10/2024,188
05/11/2024,382
05/12/2024,283
05/13/2024,220
05/14/2024,127
05/15/2024,167
05/16/2024,212
05/17/2024,111
05/18/2024,121
05/19/2024,112
05/20/2024,311
05/21/2024,223
05/22/2024,202
05/23/2024,329
05/24/2024,272
05/25/2024,326
05/26/2024,140
05/27/2024,81
05/28/2024,132
05/29/2024,289
05/30/2024,72
05/31/2024,127
06/01/2024,106
06/02/2024,37
06/03/2024,96
06/04/2024,44
06/05/2024,232
06/06/2024,211
06/07/2024,189
06/08/2024,241
06/09/2024,111
06/10/2024,139
06/11/2024,248
06/12/2024,143
06/13/2024,171
06/14/2024,359
06/15/2024,284
06/16/2024,103
06/17/2024,188
06/18/2024,181
06/19/2024,249
06/20/2024,209
06/21/2024,276
06/22/2024,188
06/23/2024,121
06/24/2024,188
06/25/2024,223
06/26/2024,329
06/27/2024,311
06/28/2024,292
06/29/2024,231
06/30/2024,257
07/01/2024,367
07/02/2024,192
07/03/2024,314
07/04/2024,322
07/05/2024,331
07/06/2024,424
07/07/2024,270
07/08/2024,206
07/09/2024,244
07/10/2024,378
07/11/2024,302
07/12/2024,403
07/13/2024,315
07/14/2024,315
07/15/2024,343
07/16/2024,349
07/17/2024,256
07/18/2024,212
07/19/2024,269
07/20/2024,258
07/21/2024,254
07/22/2024,289
07/23/2024,353
07/24/2024,338
07/25/2024,356
07/26/2024,312
07/27/2024,368
07/28/2024,275
07/29/2024,366
07/30/2024,445
07/31/2024,388
08/01/2024,463
08/02/2024,319
08/03/2024,620
08/04/2024,569
08/05/2024,477
08/06/2024,387
08/07/2024,461
08/08/2024,431
08/09/2024,319
08/10/2024,375
08/11/2024,371
08/12/2024,410
08/13/2024,443
08/14/2024,351
08/15/2024,280
08/16/2024,298
08/17/2024,330
08/18/2024,274
08/19/2024,322
08/20/2024,298
08/21/2024,261
08/22/2024,183
08/23/2024,136
08/24/2024,148
08/25/2024,287
08/26/2024,218
08/27/2024,129
08/28/2024,267
08/29/2024,206
08/30/2024,233
08/31/2024,157
09/01/2024,218
09/02/2024,170
09/03/2024,144
09/04/2024,108
09/05/2024,99
09/06/2024,141
09/07/2024,192
09/08/2024,140
09/09/2024,118
09/10/2024,70
09/11/2024,142
09/12/2024,133
09/13/2024,114
09/14/2024,68
09/15/2024,252
09/16/2024,129
09/17/2024,143
09/18/2024,95
09/19/2024,45
09/20/2024,90
09/21/2024,42
09/22/2024,135
09/23/2024,125
09/24/2024,57
09/25/2024,30
09/26/2024,95
09/27/2024,95
09/28/2024,123
09/29/2024,77
09/30/2024,53
10/01/2024,67
10/02/2024,101
10/03/2024,25
10/04/2024,71
10/05/2024,54
10/06/2024,47
10/07/2024,83
10/08/2024,41
10/09/2024,59
10/10/2024,79
10/11/2024,127
10/12/2024,73
10/13/2024,42
10/14/2024,81
10/15/2024,36
10/16/2024,32
10/17/2024,106
10/18/2024,103
10/19/2024,104
10/20/2024,144
10/21/2024,34
10/22/2024,101
10/23/2024,44
10/24/2024,60
10/25/2024,109
10/26/2024,45
10/27/2024,53
10/28/2024,99
10/29/2024,109
10/30/2024,129
10/31/2024,393
11/01/2024,247
11/02/2024,103
11/03/2024,97
11/04/2024,113
11/05/2024,104
11/06/2024,36
11/07/2024,86
11/08/2024,40
11/09/2024,101
11/10/2024,25
11/11/2024,71
11/12/2024,146
11/13/2024,86
11/14/2024,83
11/15/2024,2034
11/16/2024,621
11/17/2024,223
11/18/2024,376
11/19/2024,107
11/20/2024,89
11/21/2024,145
11/22/2024,105
11/23/2024,133
11/24/2024,219
11/25/2024,103
11/26/2024,78
11/27/2024,123
11/28/2024,121
11/29/2024,131
11/30/2024,89
12/01/2024,88
12/02/2024,139
12/03/2024,50
12/04/2024,27
12/05/2024,100
12/06/2024,69
12/07/2024,62
12/08/2024,114
12/09/2024,79
12/10/2024,93
12/11/2024,181
12/12/2024,117
12/13/2024,99
12/14/2024,79
12/15/2024,84
12/16/2024,81
12/17/2024,157
12/18/2024,212
12/19/2024,353
12/20/2024,935
12/21/2024,410
12/22/2024,494
12/23/2024,550
12/24/2024,295
12/25/2024,406
12/26/2024,242
12/27/2024,247
12/28/2024,286
12/29/2024,208
12/30/2024,210
12/31/2024,174
01/01/2025,106
01/02/2025,176
01/03/2025,161
01/04/2025,74
01/05/2025,34
01/06/2025,114
01/07/2025,76
01/08/2025,146
01/09/2025,91
01/10/2025,124
01/11/2025,70
01/12/2025,62
01/13/2025,82
01/14/2025,119
01/15/2025,87
01/16/2025,100
01/17/2025,93
01/18/2025,28
01/19/2025,51
01/20/2025,75
01/21/2025,82
01/22/2025,130
01/23/2025,129
01/24/2025,92
01/25/2025,27
01/26/2025,42
01/27/2025,56
01/28/2025,113
01/29/2025,80
01/30/2025,112
01/31/2025,97
02/01/2025,95
02/02/2025,77
02/03/2025,64
02/04/2025,149
02/05/2025,59
02/06/2025,72
02/07/2025,97
02/08/2025,50
02/09/2025,148
02/10/2025,146
02/11/2025,216
02/12/2025,209
02/13/2025,240
02/14/2025,183
02/15/2025,125
02/16/2025,62
02/17/2025,135
02/18/2025,38
02/19/2025,55
02/20/2025,86
02/21/2025,109
02/22/2025,91
02/23/2025,55
02/24/2025,73
02/25/2025,58
02/26/2025,98
02/27/2025,98
02/28/2025,81
03/01/2025,51
03/02/2025,63
03/03/2025,46
